id_dato,id_archivo,bet_id,user_id,bet_amount,game_type,result,profit_loss,created_at,estatus,duplicado,resultado_auditoria
6001,40,B00001,U0088,476.44,SPORTSBOOK,LOSS,896.58,2026-06-24T00:00:00,1,0,
6002,40,B00002,U0110,213.18,SPORTSBOOK,LOST,204.10,2026-06-17T10:28:00,1,0,
6003,40,B00003,U0135,291.71,CASINO,LOST,-13.86,2026-05-26T00:00:00,1,0,
6004,40,B00004,U0008,164.74,SPORTSBOOK,LOST,0,2026-05-23T00:00:00,1,0,
6005,40,B00005,U0007,256.70,SLOTS,WON,-78.88,2026-06-18T00:00:00,1,0,
6006,40,B00006,U0035,474.79,SPORTSBOOK,LOST,0,2026-06-17T00:00:00,1,0,
6007,40,B00007,U0070,55.16,FOOTBALL,LOSS,-44.21,2026-04-29T00:00:00,1,0,
6008,40,B00008,U0064,952.15,FOOTBALL,PUSH,-58.37,2026-04-06T19:47:00,1,0,
6009,40,B00009,U0010,23.02,CASINO,PUSH,-6.05,2026-05-28T14:52:00,1,0,
6010,40,B00010,U0013,110.95,CASINO,,-15.78,2026-05-27T00:00:00,1,0,
6011,40,B00011,U0119,211.32,SPORTSBOOK,LOSS,282.36,2026-05-28T00:00:00,1,0,
6012,40,B00012,U0007,57.65,BASKETBALL,LOST,-42.05,2026-06-15T00:00:00,1,0,
6013,40,B00013,U0024,20.19,SPORTSBOOK,LOSS,3.07,2026-05-28T00:00:00,1,0,
6014,40,B00014,U0044,0.00,SLOTS,WIN,-24.48,2026-06-12T00:00:00,1,0,
6015,40,B00015,U0074,20.98,FOOTBALL,WON,-5.05,2026-04-16T00:00:00,1,0,
6016,40,B00016,U0061,-146.51,SLOTS,PUSH,117.74,2026-06-24T00:00:00,1,0,
6017,40,B00017,U0013,17.16,SLOTS,WON,0,2026-04-08T00:00:00,1,0,
6018,40,B00018,U0046,539.97,BASKETBALL,PUSH,387.08,2026-05-07T00:00:00,1,0,
6019,40,B00019,U0024,0.00,"LIVE CASINO",LOST,215.81,2026-05-12T00:00:00,1,0,
6020,40,B00020,U0085,52.24,CASINO,LOSS,-35.11,2026-06-07T06:44:00,1,0,
6021,40,B00021,U0074,299.50,FOOTBALL,,18.44,2026-05-11T00:00:00,1,0,
6022,40,B00022,U0047,0.00,SPORTSBOOK,PUSH,-37.15,2026-04-30T00:00:00,1,0,
6023,40,B00023,U0012,0.00,SLOTS,PUSH,22.60,2026-06-11T00:00:00,1,0,
6024,40,B00024,U0030,261.60,SLOTS,,-238.75,2026-05-14T00:00:00,1,0,
6025,40,B00025,U0010,173.52,"LIVE CASINO",,0,2026-06-01T04:40:00,1,0,
6026,40,B00026,U0077,201.87,SLOTS,WON,147.81,2026-06-26T00:00:00,1,0,
6027,40,B00027,U0008,0.00,SLOTS,,707.9,2026-05-19T20:34:00,1,0,
6028,40,B00028,U0009,47.43,SPORTSBOOK,WON,70.60,2026-04-12T00:00:00,1,0,
6029,40,B00029,U0052,993.07,BASKETBALL,PUSH,496.69,2026-05-27T00:00:00,1,0,
6030,40,B00030,U0037,44.10,CASINO,WON,-39.27,2026-04-13T00:00:00,1,0,
6031,40,B00031,U0023,1063.59,SPORTSBOOK,WIN,-66.54,2026-04-06T00:00:00,1,0,
6032,40,B00032,U0071,-85.97,FOOTBALL,WON,-15.40,2026-05-27T00:00:00,1,0,
6033,40,B00033,U0141,102.96,FOOTBALL,LOSS,0,2026-04-19T00:00:00,1,0,
6034,40,B00034,U0121,16.69,BASKETBALL,,2.93,2026-04-07T03:24:00,1,0,
6035,40,B00035,U0092,561.86,FOOTBALL,LOST,0,2026-04-26T22:48:00,1,0,
6036,40,B00036,U0120,553.30,FOOTBALL,WIN,227.76,2026-05-10T00:00:00,1,0,
6037,40,B00037,U0047,-1152.96,SLOTS,LOSS,414.89,2026-06-25T00:00:00,1,0,
6038,40,B00038,U0073,210.29,BASKETBALL,WON,305.48,2026-06-17T18:08:00,1,0,
6039,40,B00039,U0119,50.96,BASKETBALL,PUSH,97.93,2026-05-23T00:00:00,1,0,
6040,40,B00040,U0146,53.25,"LIVE CASINO",WON,-40.81,2026-06-09T00:00:00,1,0,
6041,40,B00041,U0084,124.18,"LIVE CASINO",WIN,-83.67,2026-05-27T05:19:00,1,0,
6042,40,B00042,U0016,1054.45,FOOTBALL,WIN,-1053.87,2026-04-18T18:57:00,1,0,
6043,40,B00043,U0115,279.43,BASKETBALL,WIN,290.24,2026-06-27T10:19:00,1,0,
6044,40,B00044,U0003,57.05,CASINO,,-46.37,2026-06-05T00:00:00,1,0,
6045,40,B00045,U0029,518.03,"LIVE CASINO",PUSH,453.61,2026-04-04T00:00:00,1,0,
6046,40,B00046,U0122,113.60,SPORTSBOOK,WON,0,2026-06-11T00:00:00,1,0,
6047,40,B00047,U0037,41.69,BASKETBALL,PUSH,38.64,2026-06-02T21:27:00,1,0,
6048,40,B00048,U0047,0.00,"LIVE CASINO",,-46.18,2026-05-25T17:52:00,1,0,
6049,40,B00049,U0069,0.00,"LIVE CASINO",,0,2026-06-09T18:23:00,1,0,
6050,40,B00050,U0135,20.19,BASKETBALL,,0,2026-05-06T14:33:00,1,0,
6051,40,B00051,U0139,101.40,FOOTBALL,,-98.12,2026-05-10T00:00:00,1,0,
6052,40,B00052,U0076,0.00,"LIVE CASINO",PUSH,324.68,2026-04-05T00:00:00,1,0,
6053,40,B00053,U0075,124.95,SPORTSBOOK,PUSH,64.57,2026-06-19T00:00:00,1,0,
6054,40,B00054,U0004,273.90,BASKETBALL,LOST,267.72,2026-06-17T05:58:00,1,0,
6055,40,B00055,U0009,861.66,SPORTSBOOK,,420.36,2026-04-11T04:38:00,1,0,
6056,40,B00056,U0043,452.88,"LIVE CASINO",WIN,660.57,2026-07-03T11:03:00,1,0,
6057,40,B00057,U0060,-85.81,"LIVE CASINO",LOSS,138.22,2026-06-30T12:30:00,1,0,
6058,40,B00058,U0011,972.71,SLOTS,WON,1706.26,2026-06-08T20:22:00,1,0,
6059,40,B00059,U0101,534.38,SPORTSBOOK,WIN,700.83,2026-06-26T23:15:00,1,0,
6060,40,B00060,U0003,210.39,SPORTSBOOK,WON,0,2026-04-02T00:00:00,1,0,
6061,40,B00061,U0015,424.36,"LIVE CASINO",,794.99,2026-06-24T06:38:00,1,0,
6062,40,B00062,U0145,45.07,SLOTS,LOSS,18.07,2026-04-24T03:44:00,1,0,
6063,40,B00063,U0083,19.06,SLOTS,LOST,-0.04,2026-04-10T00:00:00,1,0,
6064,40,B00064,U0052,17.15,"LIVE CASINO",,22.40,2026-04-23T00:00:00,1,0,
6065,40,B00065,U0019,0.00,CASINO,,59.73,2026-07-03T00:00:00,1,0,
6066,40,B00066,U0085,587.98,CASINO,PUSH,277.55,2026-06-13T00:00:00,1,0,
6067,40,B00067,U0124,460.57,SLOTS,PUSH,-384.3,2026-06-08T00:00:00,1,0,
6068,40,B00068,U0021,51.09,"LIVE CASINO",WON,97.20,2026-05-08T00:00:00,1,0,
6069,40,B00069,U0125,42.80,"LIVE CASINO",LOSS,0,2026-06-20T14:47:00,1,0,
6070,40,B00070,U0079,0.00,BASKETBALL,,112.12,2026-05-28T00:02:00,1,0,
6071,40,B00071,U0138,16.30,FOOTBALL,WON,-9.37,2026-06-14T07:59:00,1,0,
6072,40,B00072,U0034,112.83,CASINO,WON,0,2026-06-20T01:57:00,1,0,
6073,40,B00073,U0057,1134.36,BASKETBALL,PUSH,1376.87,2026-04-26T00:00:00,1,0,
6074,40,B00074,U0055,16.97,FOOTBALL,LOST,-9.78,2026-06-15T05:21:00,1,0,
6075,40,B00075,U0011,0.00,CASINO,,1414.52,2026-06-20T00:00:00,1,0,
6076,40,B00076,U0107,42.86,SPORTSBOOK,PUSH,-8.02,2026-05-31T22:08:00,1,0,
6077,40,B00077,U0047,-1113.03,CASINO,PUSH,48.48,2026-06-18T02:40:00,1,0,
6078,40,B00078,U0093,166.22,SPORTSBOOK,,162.56,2026-06-09T00:00:00,1,0,
6079,40,B00079,U0128,472.84,"LIVE CASINO",WON,0,2026-06-25T00:00:00,1,0,
6080,40,B00080,U0138,16.57,"LIVE CASINO",LOST,-4.87,2026-04-04T00:00:00,1,0,
6081,40,B00081,U0059,54.75,"LIVE CASINO",PUSH,88.14,2026-05-12T00:00:00,1,0,
6082,40,B00082,U0038,142.41,SLOTS,LOST,53.15,2026-06-18T00:00:00,1,0,
6083,40,B00083,U0146,147.51,FOOTBALL,LOST,-71.75,2026-04-18T03:54:00,1,0,
6084,40,B00084,U0044,171.42,"LIVE CASINO",WIN,0,2026-06-10T00:00:00,1,0,
6085,40,B00085,U0064,294.63,CASINO,WON,513.02,2026-05-26T18:14:00,1,0,
6086,40,B00086,U0130,1119.21,FOOTBALL,WON,1638.38,2026-06-07T00:00:00,1,0,
6087,40,B00087,U0056,16.13,FOOTBALL,,16.24,2026-05-08T00:00:00,1,0,
6088,40,B00088,U0119,0.00,BASKETBALL,WON,1011.28,2026-06-30T12:11:00,1,0,
6089,40,B00089,U0086,107.92,BASKETBALL,WON,90.39,2026-05-08T00:00:00,1,0,
6090,40,B00090,U0015,16.89,SPORTSBOOK,,1.63,2026-06-26T00:00:00,1,0,
6091,40,B00091,U0144,50.79,BASKETBALL,LOST,48.11,2026-04-27T00:00:00,1,0,
6092,40,B00092,U0083,136.63,FOOTBALL,WON,-110.65,2026-05-05T16:43:00,1,0,
6093,40,B00093,U0137,1069.32,SPORTSBOOK,LOSS,0,2026-05-28T00:00:00,1,0,
6094,40,B00094,U0046,84.48,BASKETBALL,WON,-46.98,2026-04-10T03:10:00,1,0,
6095,40,B00095,U0139,0.00,SPORTSBOOK,PUSH,-153.68,2026-05-31T00:00:00,1,0,
6096,40,B00096,U0149,266.59,FOOTBALL,LOST,157.42,2026-06-22T00:00:00,1,0,
6097,40,B00097,U0044,110.79,SPORTSBOOK,PUSH,-95.06,2026-04-30T15:23:00,1,0,
6098,40,B00098,U0138,558.89,FOOTBALL,LOST,-288.52,2026-04-23T00:00:00,1,0,
6099,40,B00099,U0048,119.12,FOOTBALL,WIN,-66.25,2026-06-30T00:00:00,1,0,
6100,40,B00100,U0104,86.24,BASKETBALL,,164.76,2026-04-19T00:00:00,1,0,
6101,40,B00101,U0147,0.00,BASKETBALL,PUSH,0,2026-06-12T00:00:00,1,0,
6102,40,B00102,U0103,18.61,SLOTS,LOST,0,2026-04-29T14:22:00,1,0,
6103,40,B00103,U0115,0.00,BASKETBALL,WIN,40.32,2026-04-12T16:25:00,1,0,
6104,40,B00104,U0110,0.00,BASKETBALL,LOSS,181.77,2026-05-18T00:00:00,1,0,
6105,40,B00105,U0114,128.37,"LIVE CASINO",PUSH,97.76,2026-07-03T00:00:00,1,0,
6106,40,B00106,U0097,96.58,SPORTSBOOK,LOST,64.46,2026-05-23T00:00:00,1,0,
6107,40,B00107,U0075,0.00,CASINO,LOST,156.17,2026-04-06T09:53:00,1,0,
6108,40,B00108,U0121,0.00,SLOTS,LOSS,53.0,2026-06-25T00:00:00,1,0,
6109,40,B00109,U0093,0.00,FOOTBALL,,45.00,2026-06-12T00:00:00,1,0,
6110,40,B00110,U0042,427.10,SLOTS,WON,-217.85,2026-04-19T10:29:00,1,0,
6111,40,B00111,U0020,20.79,BASKETBALL,WIN,-10.37,2026-06-20T05:48:00,1,0,
6112,40,B00112,U0093,40.26,SLOTS,LOST,0,2026-06-14T00:00:00,1,0,
6113,40,B00113,U0129,566.28,CASINO,LOSS,326.72,2026-04-25T00:00:00,1,0,
6114,40,B00114,U0030,107.64,FOOTBALL,WIN,-62.75,2026-04-03T00:00:00,1,0,
6115,40,B00115,U0008,1077.70,CASINO,LOSS,1146.82,2026-04-16T00:00:00,1,0,
6116,40,B00116,U0020,0.00,CASINO,WIN,0,2026-06-01T00:00:00,1,0,
6117,40,B00117,U0003,0.00,BASKETBALL,WIN,-129.29,2026-04-16T00:00:00,1,0,
6118,40,B00118,U0091,50.10,FOOTBALL,LOST,-39.83,2026-06-04T00:00:00,1,0,
6119,40,B00119,U0044,23.39,BASKETBALL,PUSH,41.21,2026-06-08T00:46:00,1,0,
6120,40,B00120,U0028,50.29,"LIVE CASINO",WON,11.20,2026-05-16T00:00:00,1,0,
6121,40,B00121,U0093,18.62,SLOTS,,-12.16,2026-06-11T00:00:00,1,0,
6122,40,B00122,U0058,827.84,SPORTSBOOK,WON,1260.95,2026-05-08T00:00:00,1,0,
6123,40,B00123,U0027,16.95,BASKETBALL,LOST,0,2026-06-06T00:00:00,1,0,
6124,40,B00124,U0087,969.88,FOOTBALL,WIN,482.35,2026-05-22T03:14:00,1,0,
6125,40,B00125,U0103,150.68,"LIVE CASINO",LOSS,-84.06,2026-06-25T00:00:00,1,0,
6126,40,B00126,U0008,405.35,SLOTS,PUSH,-187.56,2026-04-07T00:00:00,1,0,
6127,40,B00127,U0134,499.58,FOOTBALL,PUSH,0,2026-05-30T00:00:00,1,0,
6128,40,B00128,U0111,-114.11,BASKETBALL,WIN,37.39,2026-04-16T00:00:00,1,0,
6129,40,B00129,U0126,165.84,FOOTBALL,PUSH,117.18,2026-05-10T22:24:00,1,0,
6130,40,B00130,U0041,297.09,SLOTS,WON,0,2026-05-21T00:00:00,1,0,
6131,40,B00131,U0033,22.12,SLOTS,LOSS,19.37,2026-05-15T23:37:00,1,0,
6132,40,B00132,U0063,23.28,CASINO,PUSH,-18.71,2026-06-22T00:00:00,1,0,
6133,40,B00133,U0109,493.94,SLOTS,PUSH,0,2026-05-24T00:00:00,1,0,
6134,40,B00134,U0026,281.15,"LIVE CASINO",LOST,281.75,2026-04-27T00:00:00,1,0,
6135,40,B00135,U0138,0.00,FOOTBALL,WON,-77.43,2026-05-04T00:00:00,1,0,
6136,40,B00136,U0018,46.95,SLOTS,LOSS,-36.15,2026-06-07T00:00:00,1,0,
6137,40,B00137,U0052,160.29,FOOTBALL,LOST,103.02,2026-05-03T00:00:00,1,0,
6138,40,B00138,U0120,285.28,CASINO,PUSH,490.82,2026-06-21T00:00:00,1,0,
6139,40,B00139,U0038,113.76,BASKETBALL,LOST,26.25,2026-07-05T00:00:00,1,0,
6140,40,B00140,U0074,48.12,SLOTS,LOSS,-31.72,2026-05-03T00:00:00,1,0,
6141,40,B00141,U0109,85.46,SPORTSBOOK,,-19.21,2026-04-05T06:10:00,1,0,
6142,40,B00142,U0125,229.80,BASKETBALL,,-185.97,2026-04-08T00:00:00,1,0,
6143,40,B00143,U0036,20.18,SLOTS,LOSS,30.0,2026-06-13T00:00:00,1,0,
6144,40,B00144,U0032,273.72,SPORTSBOOK,LOST,0,2026-05-11T00:00:00,1,0,
6145,40,B00145,U0071,152.01,"LIVE CASINO",,167.03,2026-05-03T00:00:00,1,0,
6146,40,B00146,U0038,80.84,BASKETBALL,WON,153.64,2026-07-01T11:52:00,1,0,
6147,40,B00147,U0062,472.57,"LIVE CASINO",LOSS,0,2026-05-20T00:00:00,1,0,
6148,40,B00148,U0066,1156.10,BASKETBALL,LOSS,2020.48,2026-05-01T00:00:00,1,0,
6149,40,B00149,U0021,175.59,CASINO,LOST,-0.32,2026-06-02T15:47:00,1,0,
6150,40,B00150,U0017,0.00,BASKETBALL,LOST,98.50,2026-06-17T23:52:00,1,0,
6151,40,B00151,"USER ID Desconocido U1024. ",208.22,BASKETBALL,LOST,-109.64,2026-06-20T09:20:00,2,0,"USER_ID desconocido U1024. "
6152,40,B00152,U0106,1094.07,SLOTS,LOST,0,2026-05-11T00:00:00,1,0,
6153,40,B00153,U0047,23.58,CASINO,LOSS,41.73,2026-05-19T18:14:00,1,0,
6154,40,B00154,U0044,85.97,CASINO,,161.12,2026-06-19T00:00:00,1,0,
6155,40,B00155,U0127,1125.36,"LIVE CASINO",LOST,-226.64,2026-07-01T00:00:00,1,0,
6156,40,B00156,U0049,119.05,FOOTBALL,,-34.94,2026-05-23T00:00:00,1,0,
6157,40,B00157,U0003,442.44,CASINO,WON,66.58,2026-05-12T00:00:00,1,0,
6158,40,B00158,U0086,0.00,SLOTS,PUSH,471.61,2026-05-31T00:00:00,1,0,
6159,40,B00159,U0102,217.94,"LIVE CASINO",LOST,0,2026-04-17T17:02:00,1,0,
6160,40,B00160,U0136,23.83,SLOTS,LOSS,11.86,2026-05-04T00:00:00,1,0,
6161,40,B00161,U0068,598.91,BASKETBALL,,773.21,2026-05-26T00:00:00,1,0,
6162,40,B00162,U0049,135.61,"LIVE CASINO",WON,151.60,2026-04-30T05:02:00,1,0,
6163,40,B00163,U0144,573.38,SPORTSBOOK,LOST,-360.67,2026-06-03T00:00:00,1,0,
6164,40,B00164,U0145,0.00,"LIVE CASINO",,0,2026-06-14T00:00:00,1,0,
6165,40,B00165,U0007,103.61,CASINO,LOSS,192.06,2026-06-27T03:25:00,1,0,
6166,40,B00166,U0123,18.64,BASKETBALL,,-16.18,2026-05-05T19:42:00,1,0,
6167,40,B00167,U0034,111.93,CASINO,LOSS,137.83,2026-04-07T00:00:00,1,0,
6168,40,B00168,U0103,960.96,SLOTS,LOSS,904.75,2026-04-27T05:24:00,1,0,
6169,40,B00169,U0080,419.22,"LIVE CASINO",LOSS,42.92,2026-06-17T04:22:00,1,0,
6170,40,B00170,U0109,48.68,"LIVE CASINO",,13.54,2026-05-25T11:39:00,1,0,
6171,40,B00171,U0040,208.40,SLOTS,LOST,84.33,2026-06-07T20:41:00,1,0,
6172,40,B00172,U0077,0.00,"LIVE CASINO",LOSS,0,2026-06-06T13:18:00,1,0,
6173,40,B00173,U0146,22.15,SPORTSBOOK,LOSS,0,2026-05-16T00:00:00,1,0,
6174,40,B00174,U0077,489.99,SPORTSBOOK,LOST,697.50,2026-07-02T14:48:00,1,0,
6175,40,B00175,U0067,16.05,BASKETBALL,LOSS,-10.43,2026-04-14T13:34:00,1,0,
6176,40,B00176,U0125,0.00,SPORTSBOOK,WON,607.63,2026-06-18T00:00:00,1,0,
6177,40,B00177,U0049,52.99,SPORTSBOOK,WON,16.29,2026-04-27T00:00:00,1,0,
6178,40,B00178,U0038,0.00,"LIVE CASINO",PUSH,18.39,2026-04-03T00:00:00,1,0,
6179,40,B00179,U0146,16.82,"LIVE CASINO",,25.95,2026-05-21T01:21:00,1,0,
6180,40,B00180,U0142,150.80,"LIVE CASINO",LOST,177.02,2026-04-05T15:25:00,1,0,
6181,40,B00181,U0005,115.72,BASKETBALL,WIN,29.09,2026-05-11T00:00:00,1,0,
6182,40,B00182,U0006,97.52,FOOTBALL,,51.00,2026-07-02T00:00:00,1,0,
6183,40,B00183,U0076,530.50,SPORTSBOOK,PUSH,42.85,2026-05-20T13:53:00,1,0,
6184,40,B00184,U0023,52.11,SLOTS,LOST,-36.34,2026-04-17T00:00:00,1,0,
6185,40,B00185,U0005,43.49,SLOTS,LOSS,0,2026-05-04T00:00:00,1,0,
6186,40,B00186,U0031,942.10,SPORTSBOOK,,-810.18,2026-06-02T08:21:00,1,0,
6187,40,B00187,U0027,844.37,CASINO,PUSH,0,2026-05-27T00:00:00,1,0,
6188,40,B00188,U0043,458.42,CASINO,LOST,148.78,2026-04-27T00:00:00,1,0,
6189,40,B00189,U0036,1107.61,FOOTBALL,LOST,0,2026-04-26T00:00:00,1,0,
6190,40,B00190,U0107,1101.40,"LIVE CASINO",LOSS,292.06,2026-06-25T07:09:00,1,0,
6191,40,B00191,U0093,21.74,"LIVE CASINO",LOST,12.00,2026-05-27T00:00:00,1,0,
6192,40,B00192,U0010,205.78,FOOTBALL,WIN,184.14,2026-06-22T04:57:00,1,0,
6193,40,B00193,U0142,80.32,BASKETBALL,LOSS,-12.90,2026-07-02T00:00:00,1,0,
6194,40,B00194,U0140,469.05,SLOTS,WON,0,2026-06-19T00:00:00,1,0,
6195,40,B00195,U0100,228.39,BASKETBALL,LOST,0,2026-07-04T04:33:00,1,0,
6196,40,B00196,U0067,211.04,SLOTS,WON,0,2026-05-09T23:27:00,1,0,
6197,40,B00197,U0032,140.34,BASKETBALL,,-40.94,2026-06-13T23:00:00,1,0,
6198,40,B00198,U0060,1085.94,SPORTSBOOK,WON,1104.73,2026-05-07T21:50:00,1,0,
6199,40,B00199,U0050,0.00,SPORTSBOOK,LOSS,80.55,2026-05-17T00:00:00,1,0,
6200,40,B00200,U0095,277.88,"LIVE CASINO",,449.07,2026-05-22T00:00:00,1,0,
6201,40,B00201,U0107,162.67,CASINO,,-99.53,2026-04-19T00:00:00,1,0,
6202,40,B00202,U0009,20.81,CASINO,PUSH,4.70,2026-06-11T00:00:00,1,0,
6203,40,B00203,U0079,0.00,SLOTS,WIN,-12.81,2026-05-09T09:31:00,1,0,
6204,40,B00204,"USER ID Desconocido U1069. ",19.34,"LIVE CASINO",LOSS,13.91,2026-05-15T02:55:00,2,0,"USER_ID desconocido U1069. "
6205,40,B00205,U0034,979.97,FOOTBALL,,340.27,2026-06-04T00:00:00,1,0,
6206,40,B00206,U0060,578.01,BASKETBALL,WON,698.08,2026-05-14T17:02:00,1,0,
6207,40,B00207,U0080,0.00,FOOTBALL,PUSH,15.02,2026-04-16T00:00:00,1,0,
6208,40,B00208,U0129,217.97,BASKETBALL,PUSH,-205.57,2026-04-16T21:59:00,1,0,
6209,40,B00209,U0083,-18.72,"LIVE CASINO",WIN,0,2026-04-06T00:00:00,1,0,
6210,40,B00210,U0139,835.85,FOOTBALL,WIN,-66.55,2026-04-19T05:16:00,1,0,
6211,40,B00211,U0015,173.58,CASINO,LOST,-39.26,2026-04-13T10:09:00,1,0,
6212,40,B00212,U0061,82.43,"LIVE CASINO",,32.51,2026-06-04T00:00:00,1,0,
6213,40,B00213,U0069,55.26,"LIVE CASINO",WON,52.75,2026-06-15T21:06:00,1,0,
6214,40,B00214,U0053,55.64,"LIVE CASINO",WON,0,2026-04-19T00:00:00,1,0,
6215,40,B00215,U0075,136.40,BASKETBALL,LOST,-33.74,2026-04-22T00:03:00,1,0,
6216,40,B00216,U0073,18.41,FOOTBALL,WIN,3.42,2026-07-04T00:00:00,1,0,
6217,40,B00217,U0130,452.27,SLOTS,WIN,569.00,2026-05-11T21:21:00,1,0,
6218,40,B00218,U0085,-20.87,FOOTBALL,,-20.6,2026-06-28T00:00:00,1,0,
6219,40,B00219,U0138,203.09,SLOTS,LOSS,303.88,2026-06-23T00:00:00,1,0,
6220,40,B00220,U0100,-142.23,SLOTS,,-59.88,2026-06-29T00:00:00,1,0,
6221,40,B00221,U0050,1087.12,SLOTS,LOSS,-323.12,2026-06-18T20:19:00,1,0,
6222,40,B00222,"USER ID Desconocido U1080. ",102.76,FOOTBALL,,49.54,2026-05-21T03:55:00,2,0,"USER_ID desconocido U1080. "
6223,40,B00223,U0045,45.19,SLOTS,LOST,32.07,2026-04-17T00:00:00,1,0,
6224,40,B00224,U0137,120.12,SLOTS,LOSS,33.79,2026-06-27T00:00:00,1,0,
6225,40,B00225,U0071,0.00,"LIVE CASINO",PUSH,-87.56,2026-06-06T00:00:00,1,0,
6226,40,B00226,U0101,23.92,SPORTSBOOK,LOST,-7.73,2026-04-11T00:00:00,1,0,
6227,40,B00227,U0017,168.48,SLOTS,LOST,0,2026-04-13T00:00:00,1,0,
6228,40,B00228,U0088,58.87,BASKETBALL,LOSS,78.14,2026-05-13T00:00:00,1,0,
6229,40,B00229,U0016,1077.35,CASINO,WIN,1452.20,2026-05-19T00:00:00,1,0,
6230,40,B00230,U0017,114.00,FOOTBALL,,23.38,2026-04-08T00:00:00,1,0,
6231,40,B00231,U0099,18.72,SLOTS,PUSH,33.93,2026-05-25T00:00:00,1,0,
6232,40,B00232,U0004,877.45,"LIVE CASINO",LOSS,631.44,2026-04-09T00:00:00,1,0,
6233,40,B00233,U0048,103.38,FOOTBALL,PUSH,55.76,2026-04-06T00:00:00,1,0,
6234,40,B00234,U0121,20.14,FOOTBALL,WON,19.60,2026-05-14T00:00:00,1,0,
6235,40,B00235,U0052,53.36,SLOTS,PUSH,57.86,2026-04-26T00:00:00,1,0,
6236,40,B00236,U0077,1164.22,BASKETBALL,LOST,567.90,2026-04-21T00:00:00,1,0,
6237,40,B00237,U0062,0.00,SLOTS,WON,70.97,2026-05-13T00:00:00,1,0,
6238,40,B00238,U0075,943.96,SPORTSBOOK,WIN,1818.01,2026-06-20T00:00:00,1,0,
6239,40,B00239,U0142,904.72,BASKETBALL,WON,-630.07,2026-04-26T00:00:00,1,0,
6240,40,B00240,U0079,58.82,BASKETBALL,WON,0,2026-05-18T00:00:00,1,0,
6241,40,B00241,U0049,0.00,FOOTBALL,PUSH,200.78,2026-05-19T22:23:00,1,0,
6242,40,B00242,U0076,559.12,"LIVE CASINO",LOST,904.97,2026-05-12T00:00:00,1,0,
6243,40,B00243,U0017,237.43,FOOTBALL,,132.17,2026-05-20T00:00:00,1,0,
6244,40,B00244,U0122,1033.59,SPORTSBOOK,LOSS,-920.09,2026-05-22T00:00:00,1,0,
6245,40,B00245,U0097,17.07,FOOTBALL,WON,-12.77,2026-05-18T08:35:00,1,0,
6246,40,B00246,U0087,112.18,SPORTSBOOK,WIN,-5.49,2026-05-30T00:00:00,1,0,
6247,40,B00247,U0022,0.00,SLOTS,WON,-70.96,2026-06-04T00:00:00,1,0,
6248,40,B00248,U0051,1107.39,SPORTSBOOK,,1701.34,2026-05-03T00:00:00,1,0,
6249,40,B00249,U0003,0.00,BASKETBALL,PUSH,259.04,2026-05-07T00:00:00,1,0,
6250,40,B00250,U0102,134.02,"LIVE CASINO",WIN,101.99,2026-07-02T00:00:00,1,0,
6251,40,B00251,U0049,147.00,SPORTSBOOK,WIN,99.27,2026-06-29T00:00:00,1,0,
6252,40,B00252,U0128,145.54,SLOTS,WIN,183.08,2026-05-16T10:14:00,1,0,
6253,40,B00253,U0009,559.83,"LIVE CASINO",LOST,974.81,2026-04-20T00:00:00,1,0,
6254,40,B00254,U0137,296.19,BASKETBALL,PUSH,271.61,2026-05-31T03:21:00,1,0,
6255,40,B00255,U0126,0.00,CASINO,WIN,-41.23,2026-04-26T00:00:00,1,0,
6256,40,B00256,U0084,17.03,SPORTSBOOK,LOST,4.35,2026-05-23T00:00:00,1,0,
6257,40,B00257,U0111,257.51,"LIVE CASINO",WIN,-17.78,2026-06-25T00:00:00,1,0,
6258,40,B00258,U0115,50.52,FOOTBALL,WON,87.44,2026-05-22T00:00:00,1,0,
6259,40,B00259,U0117,282.34,FOOTBALL,,437.50,2026-07-01T00:00:00,1,0,
6260,40,B00260,U0047,17.92,SLOTS,,28.88,2026-04-13T12:44:00,1,0,
6261,40,B00261,U0056,83.06,"LIVE CASINO",LOST,-56.84,2026-05-23T17:07:00,1,0,
6262,40,B00262,U0012,549.95,"LIVE CASINO",WON,0,2026-04-10T00:00:00,1,0,
6263,40,B00263,U0035,124.09,SPORTSBOOK,LOSS,80.08,2026-07-05T00:00:00,1,0,
6264,40,B00264,U0044,84.97,CASINO,,104.03,2026-06-17T00:00:00,1,0,
6265,40,B00265,U0092,506.46,FOOTBALL,,165.19,2026-07-01T01:57:00,1,0,
6266,40,B00266,U0027,200.47,SLOTS,LOST,264.06,2026-05-10T00:00:00,1,0,
6267,40,B00267,U0108,0.00,BASKETBALL,LOST,-43.44,2026-04-02T00:00:00,1,0,
6268,40,B00268,U0107,437.91,CASINO,LOST,-165.81,2026-05-12T00:00:00,1,0,
6269,40,B00269,U0083,19.11,BASKETBALL,PUSH,7.19,2026-05-22T00:00:00,1,0,
6270,40,B00270,U0056,507.24,CASINO,PUSH,1000.06,2026-06-16T15:06:00,1,0,
6271,40,B00271,U0100,52.71,"LIVE CASINO",WON,87.07,2026-06-28T04:21:00,1,0,
6272,40,B00272,U0150,0.00,CASINO,WIN,55.77,2026-06-05T00:00:00,1,0,
6273,40,B00273,U0063,0.00,BASKETBALL,PUSH,-75.1,2026-04-08T00:00:00,1,0,
6274,40,B00274,U0085,815.84,CASINO,LOST,1122.06,2026-05-11T00:00:00,1,0,
6275,40,B00275,U0088,597.68,"LIVE CASINO",PUSH,839.35,2026-06-09T00:00:00,1,0,
6276,40,B00276,U0002,0.00,FOOTBALL,PUSH,-12.13,2026-06-02T00:00:00,1,0,
6277,40,B00277,U0061,86.57,SLOTS,WIN,-35.27,2026-05-25T23:29:00,1,0,
6278,40,B00278,U0052,142.66,"LIVE CASINO",LOST,58.8,2026-06-01T00:00:00,1,0,
6279,40,B00279,U0006,103.81,"LIVE CASINO",WIN,-56.22,2026-05-25T00:00:00,1,0,
6280,40,B00280,U0144,0.00,FOOTBALL,,-264.62,2026-04-10T00:00:00,1,0,
6281,40,B00281,U0104,149.37,CASINO,WON,137.89,2026-05-21T23:23:00,1,0,
6282,40,B00282,U0042,1088.90,BASKETBALL,WON,575.84,2026-05-26T00:00:00,1,0,
6283,40,B00283,U0064,535.29,"LIVE CASINO",,584.75,2026-04-05T00:00:00,1,0,
6284,40,B00284,U0149,836.92,CASINO,PUSH,949.76,2026-04-21T00:00:00,1,0,
6285,40,B00285,U0043,296.77,"LIVE CASINO",,289.49,2026-05-03T00:00:00,1,0,
6286,40,B00286,U0147,0.00,SPORTSBOOK,LOSS,0,2026-05-15T00:00:00,1,0,
6287,40,B00287,U0107,130.24,SPORTSBOOK,PUSH,16.14,2026-06-23T00:00:00,1,0,
6288,40,B00288,U0146,436.55,"LIVE CASINO",LOSS,557.68,2026-04-24T06:03:00,1,0,
6289,40,B00289,U0028,19.02,"LIVE CASINO",LOSS,-3.23,2026-04-22T00:00:00,1,0,
6290,40,B00290,U0003,0.00,FOOTBALL,PUSH,-847.86,2026-04-01T00:00:00,1,0,
6291,40,B00291,U0125,94.83,SLOTS,,158.41,2026-05-14T19:27:00,1,0,
6292,40,B00292,U0015,172.23,CASINO,PUSH,35.38,2026-05-13T03:00:00,1,0,
6293,40,B00293,U0072,268.62,CASINO,,432.36,2026-05-02T00:00:00,1,0,
6294,40,B00294,U0005,488.86,CASINO,WIN,401.01,2026-04-06T00:00:00,1,0,
6295,40,B00295,U0026,428.63,FOOTBALL,WON,240.10,2026-05-08T00:00:00,1,0,
6296,40,B00296,U0078,177.30,SPORTSBOOK,,79.17,2026-06-10T00:00:00,1,0,
6297,40,B00297,U0112,116.11,"LIVE CASINO",,150.81,2026-04-04T00:00:00,1,0,
6298,40,B00298,U0137,466.56,CASINO,,-153.30,2026-06-02T02:50:00,1,0,
6299,40,B00299,U0098,0.00,BASKETBALL,PUSH,-29.04,2026-06-11T13:51:00,1,0,
6300,40,B00300,U0030,273.69,"LIVE CASINO",LOSS,-18.50,2026-04-17T00:00:00,1,0,
6301,40,B00301,U0033,19.16,SLOTS,LOST,11.78,2026-06-17T00:00:00,1,0,
6302,40,B00302,U0038,1120.52,BASKETBALL,WON,1242.54,2026-04-19T23:42:00,1,0,
6303,40,B00303,U0147,593.30,BASKETBALL,LOST,-488.62,2026-04-28T00:00:00,1,0,
6304,40,B00304,U0014,137.95,CASINO,PUSH,199.34,2026-04-23T00:00:00,1,0,
6305,40,B00305,U0122,272.68,FOOTBALL,LOSS,0,2026-05-21T00:00:00,1,0,
6306,40,B00306,U0149,159.28,SPORTSBOOK,LOST,116.51,2026-04-07T22:19:00,1,0,
6307,40,B00307,U0051,1030.27,"LIVE CASINO",,1066.28,2026-04-02T00:00:00,1,0,
6308,40,B00308,U0025,23.84,BASKETBALL,,22.66,2026-05-31T00:00:00,1,0,
6309,40,B00309,U0031,295.46,BASKETBALL,,0,2026-06-02T00:00:00,1,0,
6310,40,B00310,U0098,16.96,FOOTBALL,LOST,0,2026-06-23T14:23:00,1,0,
6311,40,B00311,U0147,1037.15,SLOTS,PUSH,157.52,2026-06-28T00:00:00,1,0,
6312,40,B00312,U0017,1080.30,FOOTBALL,LOSS,0,2026-06-08T05:25:00,1,0,
6313,40,B00313,U0138,882.99,BASKETBALL,LOST,0,2026-06-23T00:00:00,1,0,
6314,40,B00314,U0081,0.00,CASINO,PUSH,297.16,2026-04-17T18:13:00,1,0,
6315,40,B00315,U0044,81.85,FOOTBALL,LOSS,150.38,2026-06-24T00:00:00,1,0,
6316,40,B00316,U0081,220.98,SPORTSBOOK,LOST,-155.35,2026-05-16T00:00:00,1,0,
6317,40,B00317,U0035,85.14,"LIVE CASINO",,73.81,2026-04-28T00:00:00,1,0,
6318,40,B00318,U0117,428.65,BASKETBALL,,-166.62,2026-05-03T21:27:00,1,0,
6319,40,B00319,U0096,48.39,CASINO,PUSH,-26.11,2026-06-22T00:00:00,1,0,
6320,40,B00320,U0032,18.63,SPORTSBOOK,LOST,-13.66,2026-06-27T00:00:00,1,0,
6321,40,B00321,U0097,1170.25,"LIVE CASINO",WON,-553.30,2026-04-29T12:06:00,1,0,
6322,40,B00322,U0147,23.17,SLOTS,,-11.30,2026-06-10T08:38:00,1,0,
6323,40,B00323,U0142,45.18,SPORTSBOOK,LOSS,47.89,2026-05-22T00:00:00,1,0,
6324,40,B00324,U0014,899.64,SLOTS,LOSS,743.20,2026-06-21T00:00:00,1,0,
6325,40,B00325,U0110,571.58,CASINO,,0,2026-07-01T07:19:00,1,0,
6326,40,B00326,U0062,21.95,"LIVE CASINO",,14.54,2026-04-22T18:03:00,1,0,
6327,40,B00327,U0035,269.79,BASKETBALL,WON,58.39,2026-06-05T21:43:00,1,0,
6328,40,B00328,U0137,0.00,"LIVE CASINO",LOST,2201.18,2026-05-02T23:42:00,1,0,
6329,40,B00329,U0058,118.10,CASINO,WIN,31.67,2026-05-17T00:00:00,1,0,
6330,40,B00330,U0139,137.61,SPORTSBOOK,WIN,-49.65,2026-04-16T09:19:00,1,0,
6331,40,B00331,U0132,-284.84,SLOTS,WIN,0,2026-04-05T00:00:00,1,0,
6332,40,B00332,U0048,131.85,"LIVE CASINO",WON,77.44,2026-04-02T03:27:00,1,0,
6333,40,B00333,U0065,0.00,"LIVE CASINO",,-44.05,2026-05-21T00:00:00,1,0,
6334,40,B00334,U0036,1083.69,"LIVE CASINO",,-723.91,2026-05-26T00:00:00,1,0,
6335,40,B00335,U0042,19.37,SLOTS,LOSS,12.60,2026-06-01T21:17:00,1,0,
6336,40,B00336,U0100,0.00,SLOTS,LOSS,-44.96,2026-04-14T00:08:00,1,0,
6337,40,B00337,U0003,22.09,SPORTSBOOK,WIN,-5.67,2026-05-08T00:00:00,1,0,
6338,40,B00338,U0064,556.54,SPORTSBOOK,PUSH,-384.46,2026-05-25T00:00:00,1,0,
6339,40,B00339,U0059,0.00,CASINO,LOSS,16.34,2026-05-22T00:00:00,1,0,
6340,40,B00340,U0060,242.71,SLOTS,,-205.10,2026-05-25T00:00:00,1,0,
6341,40,B00341,U0013,464.33,"LIVE CASINO",LOST,-66.89,2026-04-01T00:00:00,1,0,
6342,40,B00342,U0094,21.46,SLOTS,,28.15,2026-04-15T03:42:00,1,0,
6343,40,B00343,U0096,125.23,CASINO,PUSH,-85.27,2026-05-06T06:37:00,1,0,
6344,40,B00344,U0049,261.90,FOOTBALL,,-25.03,2026-05-28T00:00:00,1,0,
6345,40,B00345,U0050,1141.38,"LIVE CASINO",,1963.67,2026-07-01T00:00:00,1,0,
6346,40,B00346,U0018,17.34,FOOTBALL,WON,-3.08,2026-06-07T16:50:00,1,0,
6347,40,B00347,U0049,287.03,"LIVE CASINO",PUSH,549.54,2026-05-21T00:00:00,1,0,
6348,40,B00348,U0070,51.84,FOOTBALL,,-50.46,2026-04-01T00:00:00,1,0,
6349,40,B00349,U0078,211.91,BASKETBALL,LOST,-69.55,2026-05-08T00:00:00,1,0,
6350,40,B00350,U0035,883.99,SLOTS,WIN,0,2026-04-07T20:15:00,1,0,
6351,40,B00351,U0141,0.00,SLOTS,LOST,448.83,2026-04-18T00:00:00,1,0,
6352,40,B00352,U0046,1111.27,"LIVE CASINO",,1490.82,2026-04-03T17:42:00,1,0,
6353,40,B00353,U0142,88.16,"LIVE CASINO",LOST,78.41,2026-05-27T00:00:00,1,0,
6354,40,B00354,U0095,49.19,BASKETBALL,LOST,71.16,2026-06-01T00:00:00,1,0,
6355,40,B00355,U0080,218.78,BASKETBALL,LOSS,0,2026-04-23T12:43:00,1,0,
6356,40,B00356,U0036,-143.04,CASINO,LOST,-95.82,2026-04-02T00:00:00,1,0,
6357,40,B00357,U0069,1186.54,SLOTS,,0,2026-06-20T00:00:00,1,0,
6358,40,B00358,U0123,99.16,FOOTBALL,WON,0,2026-05-27T00:00:00,1,0,
6359,40,B00359,U0027,966.11,"LIVE CASINO",LOST,-962.61,2026-04-14T00:00:00,1,0,
6360,40,B00360,U0058,0.00,CASINO,WIN,-374.17,2026-06-27T12:43:00,1,0,
6361,40,B00361,U0086,43.56,SPORTSBOOK,,25.76,2026-04-11T01:38:00,1,0,
6362,40,B00362,U0074,159.70,CASINO,WON,287.25,2026-04-14T00:00:00,1,0,
6363,40,B00363,U0038,1114.22,BASKETBALL,WIN,485.01,2026-05-20T00:00:00,1,0,
6364,40,B00364,U0033,145.43,SLOTS,LOST,157.1,2026-05-20T11:20:00,1,0,
6365,40,B00365,U0063,0.00,BASKETBALL,LOSS,151.71,2026-06-10T15:34:00,1,0,
6366,40,B00366,U0057,59.88,CASINO,WON,-56.8,2026-05-01T00:00:00,1,0,
6367,40,B00367,U0036,134.55,BASKETBALL,,199.60,2026-04-19T17:59:00,1,0,
6368,40,B00368,U0007,421.20,SPORTSBOOK,WON,313.72,2026-05-25T00:00:00,1,0,
6369,40,B00369,U0021,966.60,FOOTBALL,,1252.96,2026-04-02T00:00:00,1,0,
6370,40,B00370,U0106,0.00,SPORTSBOOK,PUSH,-9.74,2026-05-27T00:00:00,1,0,
6371,40,B00371,U0109,903.22,SPORTSBOOK,WIN,646.88,2026-05-29T17:45:00,1,0,
6372,40,B00372,U0097,157.14,FOOTBALL,PUSH,-53.94,2026-04-17T23:13:00,1,0,
6373,40,B00373,U0120,952.19,SLOTS,WON,0,2026-06-23T00:00:00,1,0,
6374,40,B00374,U0086,16.52,FOOTBALL,LOST,13.07,2026-05-07T00:00:00,1,0,
6375,40,B00375,U0062,0.00,SLOTS,WON,134.82,2026-06-12T00:00:00,1,0,
6376,40,B00376,U0102,118.95,BASKETBALL,PUSH,0,2026-05-11T00:00:00,1,0,
6377,40,B00377,U0007,1140.81,BASKETBALL,WON,-147.9,2026-05-19T00:00:00,1,0,
6378,40,B00378,U0056,432.21,BASKETBALL,PUSH,817.31,2026-06-23T00:00:00,1,0,
6379,40,B00379,U0115,285.60,"LIVE CASINO",LOST,83.59,2026-05-14T09:23:00,1,0,
6380,40,B00380,U0020,22.44,CASINO,LOSS,0,2026-06-12T00:00:00,1,0,
6381,40,B00381,U0044,236.33,SLOTS,LOSS,-173.07,2026-04-21T00:00:00,1,0,
6382,40,B00382,U0036,114.36,SPORTSBOOK,LOSS,23.19,2026-06-12T15:02:00,1,0,
6383,40,B00383,U0081,135.77,BASKETBALL,WON,220.84,2026-06-27T00:00:00,1,0,
6384,40,B00384,"USER ID Desconocido U1012. ",239.93,CASINO,WIN,-187.40,2026-05-08T12:10:00,2,0,"USER_ID desconocido U1012. "
6385,40,B00385,U0137,54.64,SPORTSBOOK,LOSS,95.74,2026-05-30T00:00:00,1,0,
6386,40,B00386,U0088,-495.24,"LIVE CASINO",LOST,-81.65,2026-06-02T00:00:00,1,0,
6387,40,B00387,U0146,0.00,CASINO,,274.24,2026-06-16T00:00:00,1,0,
6388,40,B00388,U0046,18.39,BASKETBALL,WIN,20.90,2026-04-09T00:00:00,1,0,
6389,40,B00389,U0024,86.58,BASKETBALL,LOST,4.14,2026-05-25T00:00:00,1,0,
6390,40,B00390,U0091,20.49,FOOTBALL,PUSH,34.45,2026-06-13T12:52:00,1,0,
6391,40,B00391,U0082,926.56,BASKETBALL,WON,1275.0,2026-05-29T00:00:00,1,0,
6392,40,B00392,U0116,54.91,FOOTBALL,LOSS,-24.00,2026-06-14T00:00:00,1,0,
6393,40,B00393,U0049,945.52,CASINO,,-89.04,2026-06-13T00:00:00,1,0,
6394,40,B00394,U0106,297.41,SLOTS,LOST,2.22,2026-05-16T00:00:00,1,0,
6395,40,B00395,U0139,487.50,CASINO,WON,-73.25,2026-05-07T00:00:00,1,0,
6396,40,B00396,U0023,165.00,FOOTBALL,PUSH,143.79,2026-06-18T13:06:00,1,0,
6397,40,B00397,U0075,153.10,SLOTS,LOSS,-100.51,2026-04-28T07:49:00,1,0,
6398,40,B00398,"USER ID Desconocido U1046. ",115.18,"LIVE CASINO",,-23.79,2026-04-29T00:00:00,2,0,"USER_ID desconocido U1046. "
6399,40,B00399,U0009,1007.59,FOOTBALL,LOSS,1233.02,2026-04-20T00:00:00,1,0,
6400,40,B00400,U0050,242.91,"LIVE CASINO",WIN,441.65,2026-05-21T00:00:00,1,0,
6401,40,B00401,U0060,515.39,FOOTBALL,LOST,90.73,2026-04-17T00:00:00,1,0,
6402,40,B00402,U0024,1037.32,CASINO,PUSH,-950.75,2026-05-26T00:40:00,1,0,
6403,40,B00403,U0034,87.46,SPORTSBOOK,,83.75,2026-06-21T00:00:00,1,0,
6404,40,B00404,U0067,0.00,"LIVE CASINO",PUSH,48.09,2026-05-06T00:00:00,1,0,
6405,40,B00405,U0073,0.00,CASINO,LOSS,0,2026-04-24T02:04:00,1,0,
6406,40,B00406,U0020,105.34,SPORTSBOOK,,37.15,2026-05-24T12:56:00,1,0,
6407,40,B00407,U0009,260.00,CASINO,LOST,-256.09,2026-05-14T11:30:00,1,0,
6408,40,B00408,U0006,84.59,BASKETBALL,,-29.53,2026-04-20T00:00:00,1,0,
6409,40,B00409,U0071,265.19,"LIVE CASINO",LOST,106.38,2026-04-12T00:00:00,1,0,
6410,40,B00410,U0072,1035.03,"LIVE CASINO",LOSS,-520.66,2026-04-14T18:50:00,1,0,
6411,40,B00411,U0070,145.76,CASINO,LOSS,102.24,2026-06-19T00:00:00,1,0,
6412,40,B00412,U0131,1150.90,CASINO,LOST,2130.47,2026-05-23T00:00:00,1,0,
6413,40,B00413,U0048,94.88,CASINO,,127.00,2026-04-10T00:00:00,1,0,
6414,40,B00414,U0146,137.02,BASKETBALL,PUSH,-49.8,2026-04-30T17:04:00,1,0,
6415,40,B00415,U0020,0.00,"LIVE CASINO",LOSS,0,2026-06-22T00:00:00,1,0,
6416,40,B00416,U0108,0.00,FOOTBALL,WON,-30.13,2026-05-28T00:00:00,1,0,
6417,40,B00417,U0034,0.00,CASINO,LOSS,-257.56,2026-05-22T00:00:00,1,0,
6418,40,B00418,U0082,925.27,"LIVE CASINO",LOSS,774.42,2026-05-22T00:00:00,1,0,
6419,40,B00419,U0096,22.60,BASKETBALL,LOSS,-13.20,2026-04-14T00:00:00,1,0,
6420,40,B00420,U0049,0.00,SLOTS,WON,-126.73,2026-05-18T17:00:00,1,0,
6421,40,B00421,U0098,127.19,"LIVE CASINO",,-5.34,2026-04-22T00:00:00,1,0,
6422,40,B00422,U0134,178.58,SLOTS,WIN,-6.12,2026-06-13T00:00:00,1,0,
6423,40,B00423,U0143,571.17,SPORTSBOOK,WON,619.66,2026-05-02T00:00:00,1,0,
6424,40,B00424,U0099,1036.21,SLOTS,,604.04,2026-04-14T00:00:00,1,0,
6425,40,B00425,U0130,95.42,"LIVE CASINO",LOST,0,2026-04-17T00:00:00,1,0,
6426,40,B00426,U0043,0.00,"LIVE CASINO",LOST,-33.39,2026-06-13T00:00:00,1,0,
6427,40,B00427,U0136,208.41,FOOTBALL,WIN,0,2026-05-04T00:00:00,1,0,
6428,40,B00428,U0095,131.64,FOOTBALL,LOSS,-56.82,2026-06-23T00:00:00,1,0,
6429,40,B00429,U0013,23.16,SLOTS,LOST,16.81,2026-04-15T07:07:00,1,0,
6430,40,B00430,U0104,1151.81,SLOTS,,-224.83,2026-04-13T07:46:00,1,0,
6431,40,B00431,U0074,524.42,SPORTSBOOK,WIN,638.37,2026-04-13T00:00:00,1,0,
6432,40,B00432,U0048,494.92,CASINO,LOST,1.07,2026-05-29T00:00:00,1,0,
6433,40,B00433,U0091,899.00,SLOTS,LOST,-603.99,2026-06-14T00:00:00,1,0,
6434,40,B00434,U0038,467.14,BASKETBALL,LOSS,220.48,2026-04-13T00:00:00,1,0,
6435,40,B00435,U0004,277.45,CASINO,WIN,435.84,2026-05-09T22:21:00,1,0,
6436,40,B00436,U0006,47.14,"LIVE CASINO",WIN,-42.77,2026-05-23T00:00:00,1,0,
6437,40,B00437,U0050,115.09,FOOTBALL,LOST,119.28,2026-05-19T20:06:00,1,0,
6438,40,B00438,U0090,92.37,FOOTBALL,WON,-80.98,2026-05-21T00:00:00,1,0,
6439,40,B00439,U0146,19.99,SLOTS,PUSH,21.12,2026-05-15T00:00:00,1,0,
6440,40,B00440,U0078,0.00,SLOTS,WON,-18.48,2026-04-09T09:00:00,1,0,
6441,40,B00441,U0001,111.41,CASINO,,56.37,2026-04-18T11:56:00,1,0,
6442,40,B00442,U0051,19.79,"LIVE CASINO",LOSS,1.26,2026-04-11T00:00:00,1,0,
6443,40,B00443,U0067,243.58,SPORTSBOOK,WIN,396.50,2026-06-16T09:11:00,1,0,
6444,40,B00444,U0052,492.23,CASINO,LOST,-221.45,2026-04-11T09:36:00,1,0,
6445,40,B00445,U0081,141.25,FOOTBALL,WON,56.45,2026-06-27T00:00:00,1,0,
6446,40,B00446,U0023,51.61,SLOTS,WON,6.16,2026-06-18T00:00:00,1,0,
6447,40,B00447,U0033,0.00,BASKETBALL,WON,437.75,2026-04-01T00:00:00,1,0,
6448,40,B00448,U0075,16.97,BASKETBALL,LOST,12.79,2026-06-28T10:55:00,1,0,
6449,40,B00449,U0127,0.00,"LIVE CASINO",PUSH,-3.10,2026-06-26T00:00:00,1,0,
6450,40,B00450,"USER ID Desconocido U1076. ",44.09,CASINO,WON,18.57,2026-04-16T00:00:00,2,0,"USER_ID desconocido U1076. "
6451,40,B00451,U0048,268.13,BASKETBALL,WON,423.10,2026-06-09T08:52:00,1,0,
6452,40,B00452,U0062,49.52,"LIVE CASINO",WIN,-6.43,2026-07-04T00:00:00,1,0,
6453,40,B00453,U0099,969.93,CASINO,PUSH,-888.54,2026-04-14T14:26:00,1,0,
6454,40,B00454,U0114,491.67,FOOTBALL,LOST,-478.22,2026-05-16T04:29:00,1,0,
6455,40,B00455,U0135,47.04,SPORTSBOOK,WIN,54.45,2026-04-09T05:41:00,1,0,
6456,40,B00456,U0078,177.75,FOOTBALL,,145.32,2026-04-09T00:00:00,1,0,
6457,40,B00457,U0083,-282.99,SPORTSBOOK,WON,-225.62,2026-06-14T00:00:00,1,0,
6458,40,B00458,U0122,42.11,"LIVE CASINO",WON,0,2026-04-30T00:00:00,1,0,
6459,40,B00459,U0030,-949.73,CASINO,,848.95,2026-07-05T00:00:00,1,0,
6460,40,B00460,U0147,160.73,FOOTBALL,LOST,0,2026-04-26T00:00:00,1,0,
6461,40,B00461,U0025,963.21,BASKETBALL,,616.21,2026-04-18T00:00:00,1,0,
6462,40,B00462,U0049,94.26,"LIVE CASINO",LOSS,160.17,2026-06-13T00:00:00,1,0,
6463,40,B00463,U0146,0.00,SLOTS,WIN,-16.90,2026-06-06T00:00:00,1,0,
6464,40,B00464,U0018,257.54,"LIVE CASINO",PUSH,0,2026-04-21T09:04:00,1,0,
6465,40,B00465,U0029,18.70,SPORTSBOOK,LOST,-4.07,2026-05-04T20:01:00,1,0,
6466,40,B00466,U0085,124.37,CASINO,WIN,229.35,2026-06-24T00:00:00,1,0,
6467,40,B00467,U0021,408.35,"LIVE CASINO",LOSS,-364.74,2026-06-01T00:00:00,1,0,
6468,40,B00468,U0006,286.03,CASINO,LOSS,299.14,2026-04-04T06:34:00,1,0,
6469,40,B00469,U0033,19.50,SPORTSBOOK,WIN,32.99,2026-05-25T00:00:00,1,0,
6470,40,B00470,U0061,164.85,CASINO,,274.47,2026-06-15T00:00:00,1,0,
6471,40,B00471,U0020,18.51,SPORTSBOOK,PUSH,14.94,2026-05-27T05:18:00,1,0,
6472,40,B00472,U0032,49.90,SPORTSBOOK,LOSS,60.16,2026-04-10T00:00:00,1,0,
6473,40,B00473,U0142,92.75,"LIVE CASINO",,57.9,2026-06-23T00:00:00,1,0,
6474,40,B00474,U0072,109.68,SPORTSBOOK,WON,-40.33,2026-04-18T16:14:00,1,0,
6475,40,B00475,U0113,170.18,CASINO,WON,-32.18,2026-05-29T03:01:00,1,0,
6476,40,B00476,U0099,17.80,BASKETBALL,WIN,0,2026-05-19T00:00:00,1,0,
6477,40,B00477,U0007,1036.38,"LIVE CASINO",LOSS,1318.03,2026-05-14T08:51:00,1,0,
6478,40,B00478,U0015,457.48,BASKETBALL,PUSH,902.47,2026-06-10T00:00:00,1,0,
6479,40,B00479,U0042,42.64,CASINO,LOST,-40.7,2026-05-30T00:00:00,1,0,
6480,40,B00480,U0087,90.75,CASINO,WON,-22.55,2026-04-05T19:17:00,1,0,
6481,40,B00481,U0083,19.52,FOOTBALL,LOST,7.79,2026-04-23T14:29:00,1,0,
6482,40,B00482,U0021,19.52,"LIVE CASINO",LOST,-4.41,2026-06-18T00:00:00,1,0,
6483,40,B00483,U0038,21.24,SLOTS,WON,-9.50,2026-06-23T00:00:00,1,0,
6484,40,B00484,U0016,0.00,SPORTSBOOK,WIN,0,2026-05-04T08:01:00,1,0,
6485,40,B00485,U0114,0.00,"LIVE CASINO",WIN,152.93,2026-04-10T00:00:00,1,0,
6486,40,B00486,U0093,-176.55,SLOTS,LOST,-20.8,2026-05-23T00:00:00,1,0,
6487,40,B00487,U0028,1096.82,"LIVE CASINO",PUSH,0,2026-05-11T16:45:00,1,0,
6488,40,B00488,U0039,51.31,FOOTBALL,,102.28,2026-06-23T02:04:00,1,0,
6489,40,B00489,U0014,139.02,SLOTS,LOST,-57.68,2026-06-24T00:00:00,1,0,
6490,40,B00490,U0060,0.00,FOOTBALL,PUSH,0,2026-07-05T00:00:00,1,0,
6491,40,B00491,U0124,282.78,"LIVE CASINO",,554.32,2026-05-28T00:00:00,1,0,
6492,40,B00492,U0067,19.27,SPORTSBOOK,LOST,9.92,2026-05-14T00:00:00,1,0,
6493,40,B00493,U0043,-164.57,BASKETBALL,LOST,-102.17,2026-05-04T00:00:00,1,0,
6494,40,B00494,U0132,0.00,SLOTS,PUSH,32.23,2026-05-20T00:00:00,1,0,
6495,40,B00495,U0012,157.85,BASKETBALL,LOST,192.91,2026-05-16T14:58:00,1,0,
6496,40,B00496,U0131,106.96,BASKETBALL,PUSH,38.57,2026-04-01T00:00:00,1,0,
6497,40,B00497,U0060,289.73,SLOTS,LOSS,214.25,2026-05-14T00:00:00,1,0,
6498,40,B00498,U0037,0.00,SLOTS,LOST,0,2026-07-04T00:00:00,1,0,
6499,40,B00499,U0125,119.55,SPORTSBOOK,WON,150.68,2026-04-22T09:58:00,1,0,
6500,40,B00500,U0044,878.05,SLOTS,PUSH,408.38,2026-04-06T00:00:00,1,0,
