id_dato,id_archivo,deposit_id,user_id,external_transaction_id,amount,payment_method,psp,status,created_at,confirmed_at,auditoria,estatus,duplicado,resultado_auditoria
1413,42,D00001,U0137,TXN-1001,0.00,SPEI,InternalWallet,UNKNOWN,2026-04-06T00:00:00,2026-04-06T00:00:00,,1,0,
1414,42,D00002,U0048,TXN-1002,995.56,OXXO,Conekta,SUCCESSFUL,2026-05-03T15:07:00,2026-05-03T00:00:00,,1,0,
1415,42,D00003,U0022,TXN-1003,4451.37,CARD,InternalWallet,FAILED,2026-04-16T17:48:00,2026-04-16T00:00:00,,1,0,
1416,42,D00004,U0079,TXN-1004,210.04,OXXO,Conekta,FAILED,2026-04-08T00:00:00,ERROR,,2,0,"No se reconoce el formato de la fecha. "
1417,42,D00005,U0142,TXN-1005,243.92,SPEI,InternalWallet,SUCCESSFUL,2026-04-01T13:28:00,2026-04-01T00:00:00,,1,0,
1418,42,D00006,U0068,TXN-1006,676.73,OXXO,Stripe,SUCCESSFUL,2026-06-20T00:00:00,2026-06-20T00:00:00,,1,0,
1419,42,D00007,U0043,TXN-1007,1019.69,UNKNOWN,InternalWallet,FAILED,2026-06-16T23:52:00,2026-06-17T01:06:00,,1,0,
1420,42,D00008,U0127,TXN-1008,0.00,WALLET,OxxoPSP,SUCCESSFUL,2026-06-16T01:56:00,2026-06-16T00:00:00,,1,0,
1421,42,D00009,U0148,TXN-1009,179.82,CARD,Bitso,UNKNOWN,2026-04-23T00:00:00,2026-04-23T00:00:00,,1,0,
1422,42,D00010,U0086,TXN-1010,319.51,CRYPTO,Bitso,UNKNOWN,2026-04-14T00:00:00,2026-04-14T00:00:00,,1,0,
1423,42,D00011,U0065,TXN-1011,0.00,CRYPTO,Stripe,UNKNOWN,2026-05-22T16:52:00,2026-05-22T00:00:00,,1,0,
1424,42,D00012,U0014,TXN-1012,1018.28,CRYPTO,Conekta,SUCCESSFUL,2026-06-10T00:00:00,2026-06-10T07:58:00,,1,0,
1425,42,D00013,U0004,TXN-1013,105.91,UNKNOWN,Stripe,FAILED,2026-04-12T00:00:00,2026-04-12T00:00:00,,1,0,
1426,42,D00014,U0121,TXN-1014,2197.03,OXXO,Stripe,PENDING,2026-06-10T00:00:00,2026-06-10T06:58:00,,1,0,
1427,42,D00015,U0069,TXN-1015,1375.33,CARD,Stripe,PENDING,2026-05-07T23:19:00,2026-05-08T01:48:00,,1,0,
1428,42,D00016,U0097,TXN-1016,228.48,CARD,InternalWallet,PENDING,2026-05-12T00:00:00,2026-05-12T08:23:00,,1,0,
1429,42,D00017,U0039,TXN-1017,114.97,CRYPTO,InternalWallet,SUCCESSFUL,2026-04-05T04:32:00,2026-04-05T00:00:00,,1,0,
1430,42,D00018,U0105,TXN-1018,524.65,OXXO,Stripe,PENDING,2026-04-20T00:00:00,2026-04-20T03:38:00,,1,0,
1431,42,D00019,U0125,TXN-1019,359.69,CARD,Bitso,SUCCESSFUL,2026-04-05T00:00:00,2026-04-05T00:00:00,,1,0,
1432,42,D00020,U0077,TXN-1020,474.97,CRYPTO,InternalWallet,SUCCESSFUL,2026-04-06T00:00:00,ERROR,,2,0,"No se reconoce el formato de la fecha. "
1433,42,D00021,U0045,TXN-1021,133.93,CARD,Stripe,SUCCESSFUL,2026-05-19T00:00:00,2026-05-19T00:00:00,,1,0,
1434,42,D00022,U0140,TXN-1022,294.82,CARD,InternalWallet,SUCCESSFUL,2026-05-27T00:00:00,2026-05-27T00:00:00,,1,0,
1435,42,D00023,U0147,TXN-1023,727.83,WALLET,Bitso,UNKNOWN,2026-05-08T00:00:00,ERROR,,2,0,"No se reconoce el formato de la fecha. "
1436,42,D00024,U0059,TXN-1024,157.69,WALLET,Bitso,FAILED,2026-05-16T00:00:00,2026-05-16T00:00:00,,1,0,
1437,42,D00025,U0149,TXN-1025,132.05,CARD,OxxoPSP,FAILED,2026-04-17T00:00:00,2026-04-17T00:00:00,,1,0,
1438,42,D00026,U0124,TXN-1026,1422.19,SPEI,InternalWallet,PENDING,2026-05-08T00:00:00,2026-05-09T00:00:00,,1,0,
1439,42,D00027,U0004,TXN-1027,310.15,CARD,Bitso,FAILED,2026-04-16T00:00:00,2026-04-16T00:00:00,,1,0,
1440,42,D00028,U0144,TXN-1028,1396.51,CARD,Bitso,SUCCESSFUL,2026-06-18T00:00:00,ERROR,,2,0,"No se reconoce el formato de la fecha. "
1441,42,D00029,U0010,TXN-1029,143.32,UNKNOWN,OxxoPSP,PENDING,2026-06-03T03:06:00,2026-06-03T05:24:00,,1,0,
1442,42,D00030,U0040,TXN-1030,243.93,CARD,InternalWallet,FAILED,2026-06-23T00:00:00,2026-06-23T00:00:00,,1,0,
1443,42,D00031,U0095,TXN-1031,117.96,OXXO,Conekta,SUCCESSFUL,2026-06-22T00:00:00,2026-06-22T00:00:00,,1,0,
1444,42,D00032,U0063,TXN-1032,206.91,SPEI,Stripe,SUCCESSFUL,2026-06-12T06:04:00,2026-06-12T00:00:00,,1,0,
1445,42,D00033,U0071,TXN-1033,0.00,OXXO,Stripe,FAILED,2026-04-19T04:34:00,2026-04-19T00:00:00,,1,0,
1446,42,D00034,U0005,TXN-1034,99.05,CRYPTO,OxxoPSP,SUCCESSFUL,2026-04-07T00:00:00,2026-04-07T05:17:00,,1,0,
1447,42,D00035,U0057,TXN-1035,1841.30,OXXO,Bitso,UNKNOWN,2026-04-06T00:00:00,2026-04-07T00:00:00,,1,0,
1448,42,D00036,U0028,TXN-1036,4296.67,CRYPTO,OxxoPSP,PENDING,2026-05-27T00:00:00,ERROR,,2,0,"No se reconoce el formato de la fecha. "
1449,42,D00037,U0136,TXN-1037,114.11,CRYPTO,Conekta,PENDING,2026-06-04T00:00:00,ERROR,,2,0,"No se reconoce el formato de la fecha. "
1450,42,D00038,U0059,TXN-1038,740.01,OXXO,InternalWallet,SUCCESSFUL,2026-05-29T00:00:00,2026-05-29T00:00:00,,1,0,
1451,42,D00039,U0024,TXN-1039,2049.35,CARD,Stripe,PENDING,2026-05-18T04:35:00,ERROR,,2,0,"No se reconoce el formato de la fecha. "
1452,42,D00040,U0014,TXN-1040,1770.19,SPEI,Bitso,PENDING,2026-06-16T09:22:00,ERROR,,2,0,"No se reconoce el formato de la fecha. "
1453,42,D00041,U0095,TXN-1041,5227.15,OXXO,OxxoPSP,FAILED,2026-05-06T00:00:00,2026-05-06T00:00:00,,1,0,
1454,42,D00042,U0070,TXN-1042,153.98,OXXO,Bitso,SUCCESSFUL,2026-05-10T10:22:00,ERROR,,2,0,"No se reconoce el formato de la fecha. "
1455,42,D00043,U0136,TXN-1043,555.37,OXXO,Bitso,SUCCESSFUL,2026-05-24T00:00:00,2026-05-24T15:41:00,,1,0,
1456,42,D00044,U0013,TXN-1044,1158.81,CRYPTO,Bitso,PENDING,2026-05-05T00:00:00,2026-05-05T00:00:00,,1,0,
1457,42,D00045,U0073,TXN-1045,191.62,OXXO,Conekta,FAILED,2026-06-15T00:00:00,2026-06-15T00:00:00,,1,0,
1458,42,D00046,U0066,TXN-1046,142.81,CRYPTO,OxxoPSP,PENDING,2026-04-16T00:00:00,2026-04-16T00:00:00,,1,0,
1459,42,D00047,U0011,TXN-1047,4808.85,SPEI,Bitso,PENDING,2026-05-29T00:00:00,2026-05-29T00:00:00,,1,0,
1460,42,D00048,U0044,TXN-1048,0.00,CARD,OxxoPSP,PENDING,2026-06-19T14:53:00,2026-06-19T00:00:00,,1,0,
1461,42,D00049,U0102,TXN-1049,2106.58,SPEI,Stripe,PENDING,2026-05-14T07:21:00,2026-05-14T07:41:00,,1,0,
1462,42,D00050,U0038,TXN-1050,87.09,CARD,InternalWallet,UNKNOWN,2026-04-19T08:12:00,2026-04-19T08:52:00,,1,0,
1463,42,D00051,U0083,TXN-1051,1263.06,CRYPTO,Bitso,PENDING,2026-06-20T10:09:00,2026-06-20T00:00:00,,1,0,
1464,42,D00052,U0080,TXN-1052,104.60,CARD,OxxoPSP,SUCCESSFUL,2026-04-05T00:00:00,2026-04-05T01:43:00,,1,0,
1465,42,D00053,U0049,TXN-1053,112.44,UNKNOWN,Bitso,SUCCESSFUL,2026-05-31T00:00:00,2026-05-31T00:00:00,,1,0,
1466,42,D00054,U0113,TXN-1054,286.49,WALLET,OxxoPSP,SUCCESSFUL,2026-06-07T16:39:00,2026-06-07T18:15:00,,1,0,
1467,42,D00055,U0086,TXN-1055,5746.56,CRYPTO,Conekta,PENDING,2026-04-13T00:00:00,2026-04-13T18:48:00,,1,0,
1468,42,D00056,U0101,TXN-1056,562.64,UNKNOWN,OxxoPSP,SUCCESSFUL,2026-06-30T02:19:00,2026-06-30T05:04:00,,1,0,
1469,42,D00057,U0109,TXN-1057,589.53,SPEI,Conekta,SUCCESSFUL,2026-04-03T00:00:00,2026-04-03T00:00:00,,1,0,
1470,42,D00058,U0026,TXN-1058,575.28,CRYPTO,InternalWallet,SUCCESSFUL,2026-06-09T00:00:00,2026-06-10T00:00:00,,1,0,
1471,42,D00059,U0043,TXN-1059,1253.09,CARD,Conekta,FAILED,2026-04-06T00:00:00,2026-04-06T00:00:00,,1,0,
1472,42,D00060,U0050,TXN-1060,2021.97,SPEI,OxxoPSP,SUCCESSFUL,2026-06-13T00:00:00,2026-06-13T00:00:00,,1,0,
1473,42,D00061,U0124,TXN-1061,250.07,CARD,OxxoPSP,SUCCESSFUL,2026-06-10T00:00:00,2026-06-10T00:00:00,,1,0,
1474,42,D00062,U0057,TXN-1062,1899.17,OXXO,Stripe,FAILED,2026-05-15T00:00:00,ERROR,,2,0,"No se reconoce el formato de la fecha. "
1475,42,D00063,U0082,TXN-1063,45.74,UNKNOWN,Conekta,UNKNOWN,2026-06-23T00:00:00,ERROR,,2,0,"No se reconoce el formato de la fecha. "
1476,42,D00064,U0002,TXN-1064,0.00,SPEI,Conekta,FAILED,2026-04-03T00:00:00,2026-04-03T00:00:00,,1,0,
1477,42,D00065,U0062,TXN-1065,0.00,CRYPTO,OxxoPSP,FAILED,2026-06-19T14:04:00,ERROR,,2,0,"No se reconoce el formato de la fecha. "
1478,42,D00066,U0037,TXN-1066,0.00,CARD,Bitso,SUCCESSFUL,2026-04-01T00:00:00,2026-04-01T00:00:00,,1,0,
1479,42,D00067,U0012,TXN-1067,93.79,WALLET,Bitso,PENDING,2026-05-18T00:00:00,ERROR,,2,0,"No se reconoce el formato de la fecha. "
1480,42,D00068,U0012,TXN-1068,1430.79,OXXO,Conekta,SUCCESSFUL,2026-05-14T20:11:00,2026-05-14T00:00:00,,1,0,
1481,42,D00069,U0010,TXN-1069,301.85,CRYPTO,InternalWallet,FAILED,2026-04-06T00:00:00,ERROR,,2,0,"No se reconoce el formato de la fecha. "
1482,42,D00070,U0049,TXN-1070,924.64,CARD,Stripe,SUCCESSFUL,2026-04-07T00:00:00,2026-04-07T21:56:00,,1,0,
1483,42,D00071,U0128,TXN-1071,665.26,OXXO,OxxoPSP,FAILED,2026-06-06T00:00:00,ERROR,,2,0,"No se reconoce el formato de la fecha. "
1484,42,D00072,U0027,TXN-1072,161.39,OXXO,Stripe,PENDING,2026-06-24T00:00:00,2026-06-24T11:09:00,,1,0,
1485,42,D00073,U0015,TXN-1073,177.17,CRYPTO,InternalWallet,SUCCESSFUL,2026-06-21T00:00:00,2026-06-21T00:00:00,,1,0,
1486,42,D00074,U0061,TXN-1074,4306.88,CARD,Stripe,UNKNOWN,2026-05-17T00:00:00,2026-05-17T11:33:00,,1,0,
1487,42,D00075,U0036,TXN-1075,54.71,CARD,OxxoPSP,SUCCESSFUL,2026-05-21T00:00:00,2026-05-21T00:00:00,,1,0,
1488,42,D00076,U0115,TXN-1076,169.81,CARD,Conekta,UNKNOWN,2026-06-18T00:00:00,2026-06-18T11:50:00,,1,0,
1489,42,D00077,U0082,TXN-1077,162.71,WALLET,Conekta,PENDING,2026-06-30T02:35:00,2026-06-30T00:00:00,,1,0,
1490,42,D00078,U0032,TXN-1078,2057.82,CRYPTO,Conekta,SUCCESSFUL,2026-04-18T00:00:00,2026-04-18T00:00:00,,1,0,
1491,42,D00079,U0102,TXN-1079,85.01,OXXO,InternalWallet,UNKNOWN,2026-06-01T16:26:00,2026-06-01T18:54:00,,1,0,
1492,42,D00080,U0089,TXN-1080,800.92,OXXO,OxxoPSP,SUCCESSFUL,2026-06-10T00:00:00,2026-06-10T00:00:00,,1,0,
1493,42,D00081,U0042,TXN-1081,341.51,WALLET,OxxoPSP,FAILED,2026-06-30T00:00:00,2026-06-30T09:35:00,,1,0,
1494,42,D00082,U0078,TXN-1082,130.27,CRYPTO,Stripe,SUCCESSFUL,2026-04-12T00:00:00,2026-04-12T00:00:00,,1,0,
1495,42,D00083,U0012,TXN-1083,0.00,WALLET,OxxoPSP,FAILED,2026-06-13T08:41:00,2026-06-13T00:00:00,,1,0,
1496,42,D00084,U0124,TXN-1084,43.16,CARD,Conekta,PENDING,2026-06-27T12:19:00,2026-06-27T00:00:00,,1,0,
1497,42,D00085,U0081,TXN-1085,165.64,OXXO,Stripe,FAILED,2026-05-11T00:00:00,2026-05-12T00:00:00,,1,0,
1498,42,D00086,U0069,TXN-1086,4836.27,OXXO,Stripe,PENDING,2026-04-19T00:00:00,2026-04-19T00:00:00,,1,0,
1499,42,D00087,U0128,TXN-1087,117.81,SPEI,Conekta,PENDING,2026-05-30T00:00:00,2026-05-30T00:00:00,,1,0,
1500,42,D00088,U0073,TXN-1088,97.24,UNKNOWN,Stripe,PENDING,2026-06-23T00:00:00,2026-06-23T00:00:00,,1,0,
1501,42,D00089,U0103,TXN-1089,801.36,SPEI,OxxoPSP,SUCCESSFUL,2026-06-11T00:00:00,2026-06-11T00:00:00,,1,0,
1502,42,D00090,U0101,TXN-1090,5018.25,OXXO,Bitso,SUCCESSFUL,2026-05-14T17:23:00,2026-05-14T00:00:00,,1,0,
1503,42,D00091,U0122,TXN-1091,4637.06,CRYPTO,Stripe,PENDING,2026-04-20T19:57:00,2026-04-20T21:21:00,,1,0,
1504,42,D00092,U0137,TXN-1092,534.76,CRYPTO,Stripe,SUCCESSFUL,2026-06-12T09:30:00,2026-06-12T00:00:00,,1,0,
1505,42,D00093,U0068,TXN-1093,1041.85,CRYPTO,InternalWallet,SUCCESSFUL,2026-06-14T18:14:00,2026-06-14T00:00:00,,1,0,
1506,42,D00094,U0009,TXN-1094,483.76,SPEI,InternalWallet,UNKNOWN,2026-06-29T03:12:00,ERROR,,2,0,"No se reconoce el formato de la fecha. "
1507,42,D00095,U0016,TXN-1095,1212.23,OXXO,InternalWallet,PENDING,2026-06-06T06:35:00,2026-06-06T00:00:00,,1,0,
1508,42,D00096,U0068,TXN-1096,332.54,UNKNOWN,InternalWallet,PENDING,2026-04-25T00:00:00,2026-04-25T00:00:00,,1,0,
1509,42,D00097,U0144,TXN-1097,926.64,CARD,Conekta,FAILED,2026-05-06T00:00:00,2026-05-06T00:00:00,,1,0,
1510,42,D00098,U0021,TXN-1098,226.24,CRYPTO,Stripe,SUCCESSFUL,2026-05-27T00:00:00,2026-05-27T21:11:00,,1,0,
1511,42,D00099,U0062,TXN-1099,96.53,OXXO,Conekta,SUCCESSFUL,2026-06-25T16:14:00,2026-06-25T00:00:00,,1,0,
1512,42,D00100,U0105,TXN-1100,0.00,OXXO,OxxoPSP,FAILED,2026-05-31T15:41:00,2026-05-31T16:55:00,,1,0,
1513,42,D00101,U0010,TXN-1101,892.15,UNKNOWN,Stripe,SUCCESSFUL,2026-04-23T00:00:00,2026-04-23T00:00:00,,1,0,
1514,42,D00102,U0146,TXN-1102,1995.13,CRYPTO,InternalWallet,FAILED,2026-05-13T00:00:00,2026-05-13T00:00:00,,1,0,
1515,42,D00103,U0085,TXN-1103,558.15,SPEI,Conekta,PENDING,2026-05-29T00:00:00,2026-05-29T20:20:00,,1,0,
1516,42,D00104,U0084,TXN-1104,0.00,CARD,Conekta,UNKNOWN,2026-06-25T00:00:00,2026-06-25T00:00:00,,1,0,
1517,42,D00105,U0078,TXN-1105,0.00,SPEI,Conekta,PENDING,2026-06-13T00:16:00,2026-06-13T03:14:00,,1,0,
1518,42,D00106,U0080,TXN-1106,148.69,CRYPTO,Stripe,PENDING,2026-06-21T09:23:00,2026-06-21T10:20:00,,1,0,
1519,42,D00107,U0121,TXN-1107,101.02,CARD,Bitso,SUCCESSFUL,2026-06-25T00:00:00,2026-06-25T09:21:00,,1,0,
1520,42,D00108,U0130,TXN-1108,1015.80,CRYPTO,InternalWallet,SUCCESSFUL,2026-06-08T04:10:00,2026-06-08T00:00:00,,1,0,
1521,42,D00109,U0015,TXN-1109,1282.93,OXXO,InternalWallet,FAILED,2026-06-05T00:00:00,2026-06-05T15:53:00,,1,0,
1522,42,D00110,U0056,TXN-1110,0.00,CARD,Bitso,FAILED,2026-04-06T00:00:00,2026-04-06T00:00:00,,1,0,
1523,42,D00111,U0035,TXN-1111,1377.42,CARD,Bitso,SUCCESSFUL,2026-06-22T13:23:00,2026-06-22T00:00:00,,1,0,
1524,42,D00112,U0031,TXN-1112,226.79,SPEI,InternalWallet,PENDING,2026-06-08T12:33:00,ERROR,,2,0,"No se reconoce el formato de la fecha. "
1525,42,D00113,U0098,TXN-1113,81.29,CRYPTO,Bitso,FAILED,2026-05-02T00:00:00,2026-05-02T00:00:00,,1,0,
1526,42,D00114,U0026,TXN-1114,219.24,SPEI,OxxoPSP,FAILED,2026-05-28T00:00:00,2026-05-28T00:00:00,,1,0,
1527,42,D00115,U0129,TXN-1115,447.38,WALLET,OxxoPSP,FAILED,2026-04-30T00:00:00,2026-05-01T00:00:00,,1,0,
1528,42,D00116,U0071,TXN-1116,0.00,CARD,InternalWallet,PENDING,2026-06-15T23:58:00,2026-06-16T00:00:00,,1,0,
1529,42,D00117,U0105,TXN-1117,184.06,CARD,Bitso,PENDING,2026-05-19T00:00:00,2026-05-19T06:50:00,,1,0,
1530,42,D00118,U0136,TXN-1118,0.00,UNKNOWN,Conekta,SUCCESSFUL,2026-05-02T00:00:00,2026-05-02T00:00:00,,1,0,
1531,42,D00119,U0011,TXN-1119,1060.27,SPEI,Bitso,FAILED,2026-04-25T00:00:00,2026-04-25T19:42:00,,1,0,
1532,42,D00120,U0031,TXN-1120,932.84,SPEI,InternalWallet,UNKNOWN,2026-06-01T07:44:00,2026-06-01T08:37:00,,1,0,
1533,42,D00121,U0092,TXN-1121,1325.58,SPEI,Stripe,PENDING,2026-05-17T00:00:00,2026-05-17T00:00:00,,1,0,
1534,42,D00122,U0145,TXN-1122,5440.02,SPEI,Stripe,FAILED,2026-04-19T00:00:00,2026-04-19T02:46:00,,1,0,
1535,42,D00123,U0063,TXN-1123,1181.20,CARD,Conekta,SUCCESSFUL,2026-06-23T21:21:00,2026-06-23T23:27:00,,1,0,
1536,42,D00124,U0126,TXN-1124,55.29,WALLET,Conekta,SUCCESSFUL,2026-06-09T20:03:00,2026-06-09T00:00:00,,1,0,
1537,42,D00125,U0003,TXN-1125,5825.50,OXXO,Bitso,PENDING,2026-05-29T00:00:00,2026-05-29T00:00:00,,1,0,
1538,42,D00126,U0136,TXN-1126,897.97,OXXO,Bitso,SUCCESSFUL,2026-06-08T00:00:00,2026-06-08T00:00:00,,1,0,
1539,42,D00127,U0135,TXN-1127,786.88,UNKNOWN,Conekta,FAILED,2026-05-16T08:50:00,2026-05-16T00:00:00,,1,0,
1540,42,D00128,U0009,TXN-1128,0.00,CARD,Stripe,SUCCESSFUL,2026-05-19T12:35:00,2026-05-19T00:00:00,,1,0,
1541,42,D00129,U0059,TXN-1129,347.92,OXXO,Conekta,PENDING,2026-06-28T00:00:00,2026-06-28T00:00:00,,1,0,
1542,42,D00130,U0037,TXN-1130,5669.30,CRYPTO,Stripe,PENDING,2026-05-21T02:19:00,2026-05-21T00:00:00,,1,0,
1543,42,D00131,U0021,TXN-1131,521.03,CRYPTO,InternalWallet,PENDING,2026-05-15T00:00:00,2026-05-15T01:26:00,,1,0,
1544,42,D00132,U0070,TXN-1132,699.44,CARD,Bitso,FAILED,2026-05-28T00:00:00,2026-05-28T16:51:00,,1,0,
1545,42,D00133,U0019,TXN-1133,0.00,OXXO,Stripe,UNKNOWN,2026-04-20T00:00:00,2026-04-20T00:00:00,,1,0,
1546,42,D00134,U0027,TXN-1134,0.00,CRYPTO,Bitso,PENDING,2026-04-24T00:00:00,2026-04-24T00:00:00,,1,0,
1547,42,D00135,U0075,TXN-1135,5042.21,OXXO,Conekta,FAILED,2026-04-11T00:00:00,2026-04-12T00:00:00,,1,0,
1548,42,D00136,U0127,TXN-1136,94.44,UNKNOWN,InternalWallet,FAILED,2026-04-22T00:00:00,2026-04-22T00:00:00,,1,0,
1549,42,D00137,U0035,TXN-1137,1120.67,WALLET,OxxoPSP,SUCCESSFUL,2026-05-21T00:00:00,2026-05-21T00:00:00,,1,0,
1550,42,D00138,U0052,TXN-1138,1424.53,CARD,InternalWallet,FAILED,2026-04-23T00:00:00,2026-04-23T00:00:00,,1,0,
1551,42,D00139,U0030,TXN-1139,59.06,UNKNOWN,Conekta,UNKNOWN,2026-04-26T00:00:00,2026-04-26T20:55:00,,1,0,
1552,42,D00140,U0018,TXN-1140,269.04,UNKNOWN,InternalWallet,PENDING,2026-05-23T00:00:00,ERROR,,2,0,"No se reconoce el formato de la fecha. "
1553,42,D00141,U0115,TXN-1141,813.97,CARD,OxxoPSP,SUCCESSFUL,2026-06-01T00:00:00,2026-06-01T00:00:00,,1,0,
1554,42,D00142,U0091,TXN-1142,949.38,CARD,Bitso,SUCCESSFUL,2026-06-18T00:00:00,2026-06-18T00:00:00,,1,0,
1555,42,D00143,U0057,TXN-1143,1139.58,WALLET,OxxoPSP,SUCCESSFUL,2026-06-06T00:00:00,2026-06-06T00:00:00,,1,0,
1556,42,D00144,U0124,TXN-1144,462.38,SPEI,OxxoPSP,UNKNOWN,2026-05-24T00:00:00,2026-05-24T00:00:00,,1,0,
1557,42,D00145,U0025,TXN-1145,0.00,CARD,Bitso,SUCCESSFUL,2026-06-29T14:20:00,ERROR,,2,0,"No se reconoce el formato de la fecha. "
1558,42,D00146,U0063,TXN-1146,223.82,OXXO,InternalWallet,PENDING,2026-06-10T00:00:00,2026-06-10T07:20:00,,1,0,
1559,42,D00147,U0051,TXN-1147,330.28,OXXO,OxxoPSP,SUCCESSFUL,2026-05-25T12:00:00,2026-05-25T00:00:00,,1,0,
1560,42,D00148,U0094,TXN-1148,2372.73,CARD,OxxoPSP,PENDING,2026-05-29T03:16:00,2026-05-29T00:00:00,,1,0,
1561,42,D00149,U0090,TXN-1149,5180.34,CARD,Bitso,FAILED,2026-05-29T00:00:00,2026-05-29T00:00:00,,1,0,
1562,42,D00150,U0047,TXN-1150,4767.42,WALLET,OxxoPSP,SUCCESSFUL,2026-04-19T16:24:00,2026-04-19T00:00:00,,1,0,
1563,42,D00151,U0126,TXN-1151,590.37,SPEI,InternalWallet,UNKNOWN,2026-04-24T00:00:00,2026-04-24T11:07:00,,1,0,
1564,42,D00152,U0126,TXN-1152,55.92,OXXO,Stripe,FAILED,2026-05-27T15:10:00,ERROR,,2,0,"No se reconoce el formato de la fecha. "
1565,42,D00153,U0074,TXN-1153,2008.64,SPEI,OxxoPSP,PENDING,2026-05-29T18:47:00,2026-05-29T00:00:00,,1,0,
1566,42,D00154,U0113,TXN-1154,0.00,SPEI,Stripe,SUCCESSFUL,2026-05-25T00:00:00,2026-05-25T00:00:00,,1,0,
1567,42,D00155,U0061,TXN-1155,693.11,SPEI,Conekta,SUCCESSFUL,2026-06-15T22:22:00,2026-06-16T00:00:00,,1,0,
1568,42,D00156,U0137,TXN-1156,308.73,CRYPTO,Bitso,SUCCESSFUL,2026-06-08T00:00:00,2026-06-08T00:00:00,,1,0,
1569,42,D00157,U0071,TXN-1157,162.68,WALLET,InternalWallet,UNKNOWN,2026-04-17T00:00:00,ERROR,,2,0,"No se reconoce el formato de la fecha. "
1570,42,D00158,U0148,TXN-1158,96.11,UNKNOWN,Stripe,UNKNOWN,2026-06-20T00:00:00,2026-06-20T00:00:00,,1,0,
1571,42,D00159,"USER ID Desconocido U1098. ",TXN-1159,570.02,CARD,Conekta,PENDING,2026-04-12T00:00:00,2026-04-13T00:00:00,,2,0,"USER_ID desconocido U1098. "
1572,42,D00160,U0069,TXN-1160,1338.39,OXXO,Bitso,SUCCESSFUL,2026-05-07T10:35:00,2026-05-07T00:00:00,,1,0,
1573,42,D00161,U0005,TXN-1161,704.74,OXXO,Stripe,SUCCESSFUL,2026-04-21T00:00:00,ERROR,,2,0,"No se reconoce el formato de la fecha. "
1574,42,D00162,U0024,TXN-1162,123.11,UNKNOWN,Conekta,PENDING,2026-05-03T02:23:00,2026-05-03T00:00:00,,1,0,
1575,42,D00163,"USER ID Desconocido U1060. ",TXN-1163,964.46,OXXO,InternalWallet,SUCCESSFUL,2026-04-10T00:00:00,2026-04-10T00:00:00,,2,0,"USER_ID desconocido U1060. "
1576,42,D00164,U0059,TXN-1164,142.96,OXXO,Conekta,SUCCESSFUL,2026-04-14T03:20:00,2026-04-14T04:37:00,,1,0,
1577,42,D00165,U0003,TXN-1165,175.19,CARD,Conekta,SUCCESSFUL,2026-04-22T00:00:00,2026-04-22T00:00:00,,1,0,
1578,42,D00166,U0032,TXN-1166,0.00,CRYPTO,OxxoPSP,FAILED,2026-05-20T11:27:00,2026-05-20T00:00:00,,1,0,
1579,42,D00167,U0078,TXN-1167,55.68,SPEI,InternalWallet,PENDING,2026-06-17T00:00:00,2026-06-17T00:00:00,,1,0,
1580,42,D00168,U0128,TXN-1168,426.40,CRYPTO,InternalWallet,PENDING,2026-04-10T16:56:00,2026-04-10T18:29:00,,1,0,
1581,42,D00169,U0045,TXN-1169,265.89,CARD,OxxoPSP,FAILED,2026-04-10T00:37:00,ERROR,,2,0,"No se reconoce el formato de la fecha. "
1582,42,D00170,U0129,TXN-1170,2030.12,OXXO,Stripe,SUCCESSFUL,2026-05-25T22:25:00,ERROR,,2,0,"No se reconoce el formato de la fecha. "
1583,42,D00171,U0053,TXN-1171,92.41,SPEI,Bitso,FAILED,2026-04-20T00:00:00,2026-04-20T00:00:00,,1,0,
1584,42,D00172,U0030,TXN-1172,127.17,UNKNOWN,Bitso,SUCCESSFUL,2026-06-17T00:00:00,2026-06-17T00:00:00,,1,0,
1585,42,D00173,U0134,TXN-1173,0.00,OXXO,Stripe,PENDING,2026-05-04T00:00:00,ERROR,,2,0,"No se reconoce el formato de la fecha. "
1586,42,D00174,U0135,TXN-1174,411.09,OXXO,Stripe,SUCCESSFUL,2026-06-13T00:00:00,2026-06-13T00:00:00,,1,0,
1587,42,D00175,U0147,TXN-1175,44.89,CARD,Conekta,SUCCESSFUL,2026-04-15T00:00:00,2026-04-15T07:59:00,,1,0,
1588,42,D00176,U0108,TXN-1176,0.00,WALLET,Bitso,SUCCESSFUL,2026-05-02T00:00:00,2026-05-02T15:08:00,,1,0,
1589,42,D00177,U0012,TXN-1177,417.28,CARD,Conekta,FAILED,2026-04-09T14:55:00,2026-04-09T00:00:00,,1,0,
1590,42,D00178,U0063,TXN-1178,172.05,OXXO,Conekta,PENDING,2026-06-15T15:49:00,2026-06-15T18:09:00,,1,0,
1591,42,D00179,U0003,TXN-1179,88.21,CARD,InternalWallet,SUCCESSFUL,2026-04-01T00:00:00,2026-04-01T22:43:00,,1,0,
1592,42,D00180,U0072,TXN-1180,0.00,OXXO,OxxoPSP,SUCCESSFUL,2026-04-30T16:26:00,2026-04-30T00:00:00,,1,0,
1593,42,D00181,U0020,TXN-1181,271.32,CARD,Stripe,PENDING,2026-04-08T00:00:00,2026-04-08T00:00:00,,1,0,
1594,42,D00182,U0060,TXN-1182,126.34,CARD,InternalWallet,SUCCESSFUL,2026-04-26T04:49:00,2026-04-26T00:00:00,,1,0,
1595,42,D00183,U0054,TXN-1183,168.46,UNKNOWN,OxxoPSP,SUCCESSFUL,2026-05-30T00:00:00,ERROR,,2,0,"No se reconoce el formato de la fecha. "
1596,42,D00184,U0084,TXN-1184,271.22,OXXO,InternalWallet,UNKNOWN,2026-05-02T11:25:00,2026-05-02T14:19:00,,1,0,
1597,42,D00185,U0141,TXN-1185,41.23,SPEI,Conekta,FAILED,2026-05-30T00:00:00,2026-05-30T00:00:00,,1,0,
1598,42,D00186,U0022,TXN-1186,0.00,CARD,Bitso,SUCCESSFUL,2026-05-04T00:00:00,2026-05-04T00:00:00,,1,0,
1599,42,D00187,U0044,TXN-1187,695.30,OXXO,Stripe,FAILED,2026-05-26T00:00:00,2026-05-27T00:00:00,,1,0,
1600,42,D00188,U0009,TXN-1188,0.00,CARD,Conekta,PENDING,2026-06-18T00:00:00,2026-06-18T09:27:00,,1,0,
1601,42,D00189,U0135,TXN-1189,1221.37,CRYPTO,OxxoPSP,PENDING,2026-06-09T00:00:00,2026-06-09T00:00:00,,1,0,
1602,42,D00190,U0047,TXN-1190,56.17,CARD,OxxoPSP,FAILED,2026-06-16T00:00:00,2026-06-16T00:00:00,,1,0,
1603,42,D00191,U0064,TXN-1191,206.06,CARD,Stripe,SUCCESSFUL,2026-05-05T00:00:00,2026-05-05T00:00:00,,1,0,
1604,42,D00192,U0082,TXN-1192,589.51,CRYPTO,Conekta,UNKNOWN,2026-06-29T11:58:00,2026-06-29T00:00:00,,1,0,
1605,42,D00193,U0045,TXN-1193,1982.39,CRYPTO,Conekta,SUCCESSFUL,2026-04-12T00:00:00,2026-04-12T01:20:00,,1,0,
1606,42,D00194,U0046,TXN-1194,166.46,CARD,Bitso,PENDING,2026-05-12T01:01:00,ERROR,,2,0,"No se reconoce el formato de la fecha. "
1607,42,D00195,U0102,TXN-1195,163.94,WALLET,InternalWallet,PENDING,2026-05-14T00:00:00,ERROR,,2,0,"No se reconoce el formato de la fecha. "
1608,42,D00196,U0144,TXN-1196,738.18,OXXO,Conekta,SUCCESSFUL,2026-06-18T11:14:00,2026-06-18T11:59:00,,1,0,
1609,42,D00197,U0101,TXN-1197,0.00,CARD,Conekta,PENDING,2026-06-12T01:11:00,2026-06-12T00:00:00,,1,0,
1610,42,D00198,U0061,TXN-1198,489.33,SPEI,Bitso,PENDING,2026-05-11T00:00:00,2026-05-11T00:00:00,,1,0,
1611,42,D00199,U0001,TXN-1199,1383.25,CARD,Bitso,UNKNOWN,2026-05-27T23:26:00,2026-05-28T01:12:00,,1,0,
1612,42,D00200,U0058,TXN-1200,0.00,OXXO,InternalWallet,SUCCESSFUL,2026-04-10T01:18:00,ERROR,,2,0,"No se reconoce el formato de la fecha. "
1613,42,D00201,U0020,TXN-1201,48.63,CRYPTO,InternalWallet,SUCCESSFUL,2026-04-12T00:00:00,2026-04-12T00:00:00,,1,0,
1614,42,D00202,U0085,TXN-1202,319.27,OXXO,Bitso,PENDING,2026-04-25T13:44:00,2026-04-25T16:03:00,,1,0,
1615,42,D00203,U0126,TXN-1203,0.00,SPEI,Conekta,FAILED,2026-05-17T00:00:00,ERROR,,2,0,"No se reconoce el formato de la fecha. "
1616,42,D00204,U0122,TXN-1204,250.94,OXXO,Stripe,PENDING,2026-05-10T00:00:00,2026-05-10T00:00:00,,1,0,
1617,42,D00205,U0115,TXN-1205,4123.28,WALLET,Bitso,SUCCESSFUL,2026-05-27T14:16:00,2026-05-27T00:00:00,,1,0,
1618,42,D00206,U0139,TXN-1206,901.89,CRYPTO,InternalWallet,FAILED,2026-06-15T00:00:00,ERROR,,2,0,"No se reconoce el formato de la fecha. "
1619,42,D00207,U0077,TXN-1207,4294.90,CARD,Conekta,SUCCESSFUL,2026-04-05T00:00:00,2026-04-05T00:00:00,,1,0,
1620,42,D00208,U0033,TXN-1208,170.05,UNKNOWN,Bitso,SUCCESSFUL,2026-04-11T00:00:00,2026-04-12T00:08:00,,1,0,
1621,42,D00209,U0102,TXN-1209,5175.15,OXXO,InternalWallet,SUCCESSFUL,2026-05-06T00:00:00,2026-05-06T16:33:00,,1,0,
1622,42,D00210,U0150,TXN-1210,2304.11,SPEI,InternalWallet,UNKNOWN,2026-04-13T03:36:00,2026-04-13T04:50:00,,1,0,
1623,42,D00211,U0122,TXN-1211,652.41,CARD,Conekta,SUCCESSFUL,2026-05-06T12:09:00,2026-05-06T00:00:00,,1,0,
1624,42,D00212,U0069,TXN-1212,341.14,WALLET,Bitso,FAILED,2026-04-03T00:00:00,2026-04-03T00:00:00,,1,0,
1625,42,D00213,U0114,TXN-1213,87.52,CARD,InternalWallet,PENDING,2026-05-12T00:00:00,2026-05-12T11:32:00,,1,0,
1626,42,D00214,U0041,TXN-1214,0.00,SPEI,Conekta,SUCCESSFUL,2026-06-30T00:00:00,ERROR,,2,0,"No se reconoce el formato de la fecha. "
1627,42,D00215,U0009,TXN-1215,1917.55,WALLET,Bitso,FAILED,2026-05-17T00:00:00,2026-05-18T00:00:00,,1,0,
1628,42,D00216,U0115,TXN-1216,329.88,SPEI,Bitso,PENDING,2026-05-31T00:00:00,2026-05-31T00:00:00,,1,0,
1629,42,D00217,U0147,TXN-1217,318.19,WALLET,Bitso,UNKNOWN,2026-04-28T00:00:00,2026-04-28T08:34:00,,1,0,
1630,42,D00218,U0045,TXN-1218,290.86,CARD,InternalWallet,FAILED,2026-04-02T00:00:00,2026-04-02T00:00:00,,1,0,
1631,42,D00219,U0078,TXN-1219,2399.54,CARD,OxxoPSP,FAILED,2026-06-19T00:00:00,ERROR,,2,0,"No se reconoce el formato de la fecha. "
1632,42,D00220,U0028,TXN-1220,318.73,WALLET,Stripe,FAILED,2026-05-14T00:00:00,2026-05-14T09:51:00,,1,0,
1633,42,D00221,U0062,TXN-1221,53.11,SPEI,InternalWallet,PENDING,2026-06-16T00:00:00,2026-06-16T13:18:00,,1,0,
1634,42,D00222,U0010,TXN-1222,2110.65,WALLET,Stripe,FAILED,2026-06-13T00:00:00,2026-06-13T07:18:00,,1,0,
1635,42,D00223,U0143,TXN-1223,176.82,WALLET,Bitso,FAILED,2026-04-13T00:00:00,2026-04-13T00:00:00,,1,0,
1636,42,D00224,U0079,TXN-1224,98.82,CRYPTO,OxxoPSP,SUCCESSFUL,2026-05-13T00:00:00,2026-05-13T00:00:00,,1,0,
1637,42,D00225,U0129,TXN-1225,128.24,CARD,OxxoPSP,UNKNOWN,2026-06-27T00:00:00,2026-06-27T00:00:00,,1,0,
1638,42,D00226,U0047,TXN-1226,40.09,OXXO,OxxoPSP,SUCCESSFUL,2026-06-02T00:00:00,2026-06-02T00:00:00,,1,0,
1639,42,D00227,U0034,TXN-1227,641.49,UNKNOWN,Stripe,SUCCESSFUL,2026-06-21T00:00:00,2026-06-21T15:28:00,,1,0,
1640,42,D00228,"USER ID Desconocido U0999. ",TXN-1228,255.47,CRYPTO,Stripe,SUCCESSFUL,2026-06-20T00:00:00,2026-06-21T00:00:00,,2,0,"USER_ID desconocido U0999. "
1641,42,D00229,U0077,TXN-1229,924.15,CARD,InternalWallet,PENDING,2026-05-29T00:00:00,2026-05-30T00:00:00,,1,0,
1642,42,D00230,"USER ID Desconocido U1027. ",TXN-1230,1735.19,WALLET,Bitso,PENDING,2026-04-17T06:46:00,ERROR,,2,0,"USER_ID desconocido U1027. No se reconoce el formato de la fecha. "
1643,42,D00231,U0066,TXN-1231,0.00,UNKNOWN,Bitso,PENDING,2026-06-19T00:00:00,2026-06-19T00:00:00,,1,0,
1644,42,D00232,U0032,TXN-1232,46.02,WALLET,OxxoPSP,FAILED,2026-05-31T22:09:00,2026-06-01T01:05:00,,1,0,
1645,42,D00233,U0036,TXN-1233,111.39,CRYPTO,Conekta,FAILED,2026-04-14T16:46:00,2026-04-14T00:00:00,,1,0,
1646,42,D00234,U0092,TXN-1234,0.00,WALLET,Bitso,SUCCESSFUL,2026-05-08T05:02:00,2026-05-08T05:56:00,,1,0,
1647,42,D00235,U0127,TXN-1235,317.32,SPEI,Stripe,UNKNOWN,2026-04-12T00:00:00,2026-04-12T00:00:00,,1,0,
1648,42,D00236,U0045,TXN-1236,83.80,OXXO,Bitso,SUCCESSFUL,2026-05-08T11:51:00,2026-05-08T13:41:00,,1,0,
1649,42,D00237,U0044,TXN-1237,562.99,CARD,InternalWallet,UNKNOWN,2026-05-27T00:00:00,2026-05-27T00:00:00,,1,0,
1650,42,D00238,U0123,TXN-1238,59.63,OXXO,InternalWallet,UNKNOWN,2026-06-23T05:07:00,ERROR,,2,0,"No se reconoce el formato de la fecha. "
1651,42,D00239,U0113,TXN-1239,148.98,CARD,InternalWallet,SUCCESSFUL,2026-05-19T00:00:00,ERROR,,2,0,"No se reconoce el formato de la fecha. "
1652,42,D00240,U0067,TXN-1240,4447.97,CARD,OxxoPSP,SUCCESSFUL,2026-04-02T00:00:00,2026-04-03T01:23:00,,1,0,
1653,42,D00241,U0064,TXN-1241,4109.13,OXXO,OxxoPSP,UNKNOWN,2026-06-24T00:00:00,2026-06-25T00:00:00,,1,0,
1654,42,D00242,U0020,TXN-1242,1778.17,CARD,Conekta,SUCCESSFUL,2026-05-12T00:00:00,2026-05-12T00:00:00,,1,0,
1655,42,D00243,U0147,TXN-1243,0.00,CARD,InternalWallet,SUCCESSFUL,2026-06-03T14:20:00,ERROR,,2,0,"No se reconoce el formato de la fecha. "
1656,42,D00244,"USER ID Desconocido U1010. ",TXN-1244,1765.48,CARD,Stripe,SUCCESSFUL,2026-06-17T00:00:00,2026-06-17T00:00:00,,2,0,"USER_ID desconocido U1010. "
1657,42,D00245,U0085,TXN-1245,1014.73,SPEI,Bitso,PENDING,2026-06-19T00:00:00,2026-06-19T21:04:00,,1,0,
1658,42,D00246,U0075,TXN-1246,149.55,UNKNOWN,InternalWallet,SUCCESSFUL,2026-05-18T00:00:00,ERROR,,2,0,"No se reconoce el formato de la fecha. "
1659,42,D00247,U0051,TXN-1247,421.55,WALLET,OxxoPSP,SUCCESSFUL,2026-05-21T00:00:00,2026-05-21T00:00:00,,1,0,
1660,42,D00248,U0130,TXN-1248,908.42,CRYPTO,Conekta,SUCCESSFUL,2026-06-03T00:33:00,2026-06-03T00:00:00,,1,0,
1661,42,D00249,U0027,TXN-1249,953.44,SPEI,Stripe,PENDING,2026-06-16T00:00:00,2026-06-16T00:00:00,,1,0,
1662,42,D00250,U0116,TXN-1250,341.17,CARD,OxxoPSP,FAILED,2026-04-18T00:00:00,2026-04-18T00:00:00,,1,0,
1663,42,D00251,U0075,TXN-1251,2033.99,UNKNOWN,Bitso,PENDING,2026-06-26T04:45:00,2026-06-26T00:00:00,,1,0,
1664,42,D00252,U0150,TXN-1252,345.30,OXXO,OxxoPSP,SUCCESSFUL,2026-06-25T00:00:00,2026-06-26T00:00:00,,1,0,
1665,42,D00253,U0038,TXN-1253,322.01,OXXO,Stripe,FAILED,2026-04-08T06:17:00,2026-04-08T00:00:00,,1,0,
1666,42,D00254,U0092,TXN-1254,219.39,SPEI,OxxoPSP,FAILED,2026-04-14T19:55:00,2026-04-14T22:19:00,,1,0,
1667,42,D00255,U0013,TXN-1255,1643.04,SPEI,OxxoPSP,UNKNOWN,2026-05-20T00:00:00,2026-05-20T15:11:00,,1,0,
1668,42,D00256,U0095,TXN-1256,293.86,OXXO,Conekta,SUCCESSFUL,2026-06-09T23:38:00,2026-06-10T00:28:00,,1,0,
1669,42,D00257,U0031,TXN-1257,0.00,CARD,Conekta,SUCCESSFUL,2026-05-25T00:00:00,2026-05-25T00:00:00,,1,0,
1670,42,D00258,U0014,TXN-1258,0.00,UNKNOWN,Stripe,FAILED,2026-06-20T00:00:00,2026-06-20T21:59:00,,1,0,
1671,42,D00259,U0018,TXN-1259,444.24,CARD,Stripe,PENDING,2026-04-21T00:00:00,2026-04-21T00:00:00,,1,0,
1672,42,D00260,U0136,TXN-1260,489.13,CRYPTO,OxxoPSP,FAILED,2026-06-11T00:00:00,ERROR,,2,0,"No se reconoce el formato de la fecha. "
1673,42,D00261,U0083,TXN-1261,58.23,CARD,OxxoPSP,UNKNOWN,2026-04-15T00:00:00,2026-04-15T00:00:00,,1,0,
1674,42,D00262,U0076,TXN-1262,86.70,CRYPTO,OxxoPSP,SUCCESSFUL,2026-04-25T10:32:00,ERROR,,2,0,"No se reconoce el formato de la fecha. "
1675,42,D00263,U0017,TXN-1263,203.02,UNKNOWN,InternalWallet,SUCCESSFUL,2026-06-20T06:55:00,2026-06-20T07:22:00,,1,0,
1676,42,D00264,U0040,TXN-1264,167.65,CRYPTO,Conekta,FAILED,2026-05-13T00:00:00,ERROR,,2,0,"No se reconoce el formato de la fecha. "
1677,42,D00265,U0100,TXN-1265,101.39,CRYPTO,Bitso,SUCCESSFUL,2026-05-22T13:20:00,ERROR,,2,0,"No se reconoce el formato de la fecha. "
1678,42,D00266,U0019,TXN-1266,4173.01,CARD,InternalWallet,PENDING,2026-06-04T03:18:00,2026-06-04T00:00:00,,1,0,
1679,42,D00267,U0122,TXN-1267,355.22,WALLET,Stripe,SUCCESSFUL,2026-04-29T04:47:00,2026-04-29T07:07:00,,1,0,
1680,42,D00268,U0037,TXN-1268,92.19,UNKNOWN,Stripe,FAILED,2026-04-01T00:00:00,2026-04-01T20:59:00,,1,0,
1681,42,D00269,U0132,TXN-1269,87.25,OXXO,OxxoPSP,UNKNOWN,2026-04-24T07:39:00,2026-04-24T08:29:00,,1,0,
1682,42,D00270,U0019,TXN-1270,1416.74,WALLET,Conekta,SUCCESSFUL,2026-04-09T00:00:00,2026-04-09T10:35:00,,1,0,
1683,42,D00271,U0018,TXN-1271,323.21,CRYPTO,Stripe,PENDING,2026-05-11T00:00:00,2026-05-11T00:00:00,,1,0,
1684,42,D00272,U0002,TXN-1272,426.86,CARD,InternalWallet,UNKNOWN,2026-04-29T00:00:00,2026-04-29T00:00:00,,1,0,
1685,42,D00273,U0125,TXN-1273,343.05,CRYPTO,Conekta,FAILED,2026-04-23T20:38:00,ERROR,,2,0,"No se reconoce el formato de la fecha. "
1686,42,D00274,U0020,TXN-1274,5157.80,SPEI,Bitso,FAILED,2026-04-03T16:40:00,ERROR,,2,0,"No se reconoce el formato de la fecha. "
1687,42,D00275,U0139,TXN-1275,256.07,OXXO,InternalWallet,PENDING,2026-04-20T11:25:00,2026-04-20T00:00:00,,1,0,
1688,42,D00276,U0062,TXN-1276,1036.43,CRYPTO,Conekta,UNKNOWN,2026-06-18T00:00:00,2026-06-18T00:00:00,,1,0,
1689,42,D00277,U0057,TXN-1277,201.43,CARD,InternalWallet,UNKNOWN,2026-04-30T00:00:00,2026-04-30T00:00:00,,1,0,
1690,42,D00278,U0083,TXN-1278,5088.70,WALLET,InternalWallet,PENDING,2026-06-06T20:53:00,2026-06-06T22:01:00,,1,0,
1691,42,D00279,U0020,TXN-1279,1340.48,OXXO,OxxoPSP,SUCCESSFUL,2026-05-19T00:00:00,2026-05-19T00:00:00,,1,0,
1692,42,D00280,U0059,TXN-1280,520.40,WALLET,Conekta,PENDING,2026-06-22T00:00:00,2026-06-22T08:54:00,,1,0,
1693,42,D00281,U0030,TXN-1281,0.00,CRYPTO,OxxoPSP,SUCCESSFUL,2026-06-01T00:00:00,2026-06-01T17:59:00,,1,0,
1694,42,D00282,U0132,TXN-1282,2366.59,CRYPTO,Bitso,FAILED,2026-06-13T00:00:00,2026-06-13T00:00:00,,1,0,
1695,42,D00283,U0115,TXN-1283,4285.42,OXXO,OxxoPSP,FAILED,2026-05-31T00:00:00,2026-05-31T16:56:00,,1,0,
1696,42,D00284,U0088,TXN-1284,126.51,CRYPTO,InternalWallet,SUCCESSFUL,2026-06-16T18:04:00,2026-06-16T00:00:00,,1,0,
1697,42,D00285,U0046,TXN-1285,0.00,WALLET,Conekta,SUCCESSFUL,2026-06-18T19:02:00,2026-06-18T21:19:00,,1,0,
1698,42,D00286,U0111,TXN-1286,1338.99,CRYPTO,OxxoPSP,SUCCESSFUL,2026-05-18T00:00:00,2026-05-18T00:00:00,,1,0,
1699,42,D00287,U0066,TXN-1287,0.00,UNKNOWN,Bitso,SUCCESSFUL,2026-04-30T02:18:00,2026-04-30T00:00:00,,1,0,
1700,42,D00288,U0097,TXN-1288,848.50,CRYPTO,InternalWallet,PENDING,2026-06-28T10:26:00,2026-06-28T00:00:00,,1,0,
1701,42,D00289,U0102,TXN-1289,511.82,SPEI,OxxoPSP,PENDING,2026-05-23T17:50:00,2026-05-23T00:00:00,,1,0,
1702,42,D00290,U0036,TXN-1290,126.02,CARD,OxxoPSP,SUCCESSFUL,2026-06-24T00:00:00,2026-06-24T00:00:00,,1,0,
1703,42,D00291,U0002,TXN-1291,90.52,CRYPTO,Bitso,PENDING,2026-04-19T00:00:00,2026-04-19T16:22:00,,1,0,
1704,42,D00292,U0134,TXN-1292,1170.71,WALLET,OxxoPSP,FAILED,2026-06-16T00:00:00,2026-06-16T00:00:00,,1,0,
1705,42,D00293,U0131,TXN-1293,212.40,OXXO,Stripe,PENDING,2026-04-30T00:00:00,2026-04-30T20:43:00,,1,0,
1706,42,D00294,U0102,TXN-1294,101.98,CRYPTO,OxxoPSP,PENDING,2026-04-26T00:00:00,2026-04-26T00:00:00,,1,0,
1707,42,D00295,U0058,TXN-1295,261.00,CRYPTO,Bitso,FAILED,2026-04-25T00:00:00,2026-04-25T00:00:00,,1,0,
1708,42,D00296,U0132,TXN-1296,4967.26,CARD,InternalWallet,UNKNOWN,2026-06-08T18:16:00,2026-06-08T00:00:00,,1,0,
1709,42,D00297,U0124,TXN-1297,224.01,CARD,OxxoPSP,SUCCESSFUL,2026-04-09T12:40:00,2026-04-09T00:00:00,,1,0,
1710,42,D00298,U0064,TXN-1298,2345.12,CARD,Conekta,FAILED,2026-05-22T00:00:00,2026-05-22T22:07:00,,1,0,
1711,42,D00299,U0049,TXN-1299,178.34,CRYPTO,Stripe,SUCCESSFUL,2026-04-26T00:00:00,2026-04-26T00:00:00,,1,0,
1712,42,D00300,U0021,TXN-1300,2366.39,CARD,OxxoPSP,PENDING,2026-06-24T00:00:00,ERROR,,2,0,"No se reconoce el formato de la fecha. "
1713,42,D00301,U0148,TXN-1301,711.07,OXXO,OxxoPSP,PENDING,2026-06-02T00:00:00,2026-06-02T07:00:00,,1,0,
1714,42,D00302,U0009,TXN-1302,1968.06,OXXO,Conekta,PENDING,2026-05-21T21:49:00,2026-05-21T00:00:00,,1,0,
1715,42,D00303,U0084,TXN-1303,1420.09,OXXO,InternalWallet,PENDING,2026-05-04T00:00:00,2026-05-04T00:00:00,,1,0,
1716,42,D00304,U0096,TXN-1304,5372.02,UNKNOWN,Stripe,FAILED,2026-05-22T08:28:00,2026-05-22T00:00:00,,1,0,
1717,42,D00305,U0098,TXN-1305,799.87,WALLET,OxxoPSP,PENDING,2026-04-20T00:00:00,ERROR,,2,0,"No se reconoce el formato de la fecha. "
1718,42,D00306,U0077,TXN-1306,123.60,CARD,Bitso,UNKNOWN,2026-06-12T01:25:00,ERROR,,2,0,"No se reconoce el formato de la fecha. "
1719,42,D00307,U0086,TXN-1307,403.97,WALLET,OxxoPSP,FAILED,2026-05-17T17:35:00,2026-05-17T18:41:00,,1,0,
1720,42,D00308,U0138,TXN-1308,1387.02,SPEI,InternalWallet,SUCCESSFUL,2026-05-07T00:00:00,2026-05-07T13:25:00,,1,0,
1721,42,D00309,U0087,TXN-1309,86.48,CARD,Stripe,FAILED,2026-06-18T18:25:00,2026-06-18T18:44:00,,1,0,
1722,42,D00310,U0102,TXN-1310,693.54,OXXO,Conekta,FAILED,2026-05-27T11:47:00,2026-05-27T13:43:00,,1,0,
1723,42,D00311,U0021,TXN-1311,0.00,CARD,OxxoPSP,SUCCESSFUL,2026-05-21T00:00:00,ERROR,,2,0,"No se reconoce el formato de la fecha. "
1724,42,D00312,U0068,TXN-1312,179.79,WALLET,Conekta,SUCCESSFUL,2026-04-11T20:59:00,2026-04-11T00:00:00,,1,0,
1725,42,D00313,U0008,TXN-1313,305.83,UNKNOWN,OxxoPSP,SUCCESSFUL,2026-05-16T10:55:00,2026-05-16T13:14:00,,1,0,
1726,42,D00314,U0117,TXN-1314,1847.73,CRYPTO,Conekta,SUCCESSFUL,2026-06-21T00:00:00,2026-06-21T00:00:00,,1,0,
1727,42,D00315,U0094,TXN-1315,140.63,OXXO,InternalWallet,UNKNOWN,2026-04-20T00:00:00,ERROR,,2,0,"No se reconoce el formato de la fecha. "
1728,42,D00316,U0003,TXN-1316,437.71,CARD,InternalWallet,FAILED,2026-05-08T00:00:00,2026-05-08T21:35:00,,1,0,
1729,42,D00317,U0100,TXN-1317,2211.63,UNKNOWN,Stripe,FAILED,2026-04-29T08:05:00,2026-04-29T09:07:00,,1,0,
1730,42,D00318,U0137,TXN-1318,137.38,CRYPTO,InternalWallet,FAILED,2026-05-23T06:54:00,ERROR,,2,0,"No se reconoce el formato de la fecha. "
1731,42,D00319,U0126,TXN-1319,178.34,OXXO,InternalWallet,SUCCESSFUL,2026-04-03T00:00:00,2026-04-03T00:00:00,,1,0,
1732,42,D00320,"USER ID Desconocido U1026. ",TXN-1320,492.74,CARD,Bitso,SUCCESSFUL,2026-05-14T00:00:00,2026-05-14T00:00:00,,2,0,"USER_ID desconocido U1026. "
1733,42,D00321,U0101,TXN-1321,905.04,UNKNOWN,Conekta,PENDING,2026-05-31T00:00:00,2026-05-31T00:00:00,,1,0,
1734,42,D00322,U0009,TXN-1322,858.06,CARD,Conekta,SUCCESSFUL,2026-04-13T16:42:00,2026-04-13T18:44:00,,1,0,
1735,42,D00323,U0134,TXN-1323,237.86,CARD,Stripe,SUCCESSFUL,2026-06-01T00:00:00,2026-06-01T00:00:00,,1,0,
1736,42,D00324,U0150,TXN-1324,1290.44,OXXO,Conekta,SUCCESSFUL,2026-05-02T00:00:00,2026-05-02T00:00:00,,1,0,
1737,42,D00325,U0087,TXN-1325,2233.17,SPEI,Stripe,PENDING,2026-06-20T00:00:00,2026-06-20T01:43:00,,1,0,
1738,42,D00326,U0050,TXN-1326,49.71,SPEI,OxxoPSP,UNKNOWN,2026-05-19T00:00:00,ERROR,,2,0,"No se reconoce el formato de la fecha. "
1739,42,D00327,U0146,TXN-1327,1728.27,CARD,Stripe,FAILED,2026-05-15T10:46:00,2026-05-15T00:00:00,,1,0,
1740,42,D00328,"USER ID Desconocido U1080. ",TXN-1328,5713.66,SPEI,Stripe,SUCCESSFUL,2026-06-04T12:46:00,2026-06-04T12:51:00,,2,0,"USER_ID desconocido U1080. "
1741,42,D00329,U0100,TXN-1329,278.71,OXXO,Bitso,SUCCESSFUL,2026-06-27T00:00:00,2026-06-27T00:00:00,,1,0,
1742,42,D00330,U0046,TXN-1330,5283.50,CARD,OxxoPSP,FAILED,2026-04-26T00:00:00,2026-04-26T00:00:00,,1,0,
1743,42,D00331,U0057,TXN-1331,1405.63,CARD,Bitso,PENDING,2026-04-10T00:59:00,2026-04-10T03:47:00,,1,0,
1744,42,D00332,U0107,TXN-1332,54.69,OXXO,Conekta,SUCCESSFUL,2026-06-30T00:00:00,2026-06-30T04:08:00,,1,0,
1745,42,D00333,U0060,TXN-1333,153.51,UNKNOWN,Bitso,PENDING,2026-04-25T06:33:00,2026-04-25T00:00:00,,1,0,
1746,42,D00334,U0110,TXN-1334,152.03,CARD,Stripe,PENDING,2026-04-22T00:00:00,2026-04-22T00:00:00,,1,0,
1747,42,D00335,U0111,TXN-1335,885.03,SPEI,Stripe,UNKNOWN,2026-05-12T00:00:00,2026-05-12T00:00:00,,1,0,
1748,42,D00336,U0001,TXN-1336,46.01,CARD,Bitso,FAILED,2026-05-07T19:01:00,2026-05-07T20:19:00,,1,0,
1749,42,D00337,U0143,TXN-1337,431.22,CRYPTO,Conekta,FAILED,2026-06-13T00:00:00,ERROR,,2,0,"No se reconoce el formato de la fecha. "
1750,42,D00338,U0077,TXN-1338,558.58,UNKNOWN,OxxoPSP,SUCCESSFUL,2026-05-22T18:58:00,2026-05-22T19:18:00,,1,0,
1751,42,D00339,U0077,TXN-1339,575.96,OXXO,Conekta,SUCCESSFUL,2026-06-13T12:05:00,2026-06-13T13:31:00,,1,0,
1752,42,D00340,U0098,TXN-1340,500.48,OXXO,InternalWallet,UNKNOWN,2026-06-07T01:20:00,2026-06-07T01:59:00,,1,0,
1753,42,D00341,U0130,TXN-1341,416.51,OXXO,OxxoPSP,PENDING,2026-05-26T00:00:00,2026-05-26T00:00:00,,1,0,
1754,42,D00342,U0103,TXN-1342,1758.49,CRYPTO,Conekta,FAILED,2026-06-29T00:00:00,ERROR,,2,0,"No se reconoce el formato de la fecha. "
1755,42,D00343,U0019,TXN-1343,106.87,CARD,Conekta,PENDING,2026-05-26T00:00:00,2026-05-26T11:06:00,,1,0,
1756,42,D00344,U0007,TXN-1344,0.00,SPEI,Conekta,PENDING,2026-04-22T00:00:00,2026-04-22T13:33:00,,1,0,
1757,42,D00345,U0022,TXN-1345,46.87,SPEI,InternalWallet,UNKNOWN,2026-04-07T00:00:00,2026-04-07T00:00:00,,1,0,
1758,42,D00346,U0054,TXN-1346,1986.42,OXXO,Bitso,PENDING,2026-04-28T06:34:00,2026-04-28T07:41:00,,1,0,
1759,42,D00347,U0135,TXN-1347,4542.56,OXXO,Bitso,PENDING,2026-04-22T01:18:00,2026-04-22T00:00:00,,1,0,
1760,42,D00348,U0093,TXN-1348,238.38,UNKNOWN,Bitso,PENDING,2026-04-03T00:00:00,2026-04-03T11:34:00,,1,0,
1761,42,D00349,U0137,TXN-1349,44.95,CARD,InternalWallet,PENDING,2026-04-26T16:29:00,2026-04-26T00:00:00,,1,0,
1762,42,D00350,U0005,TXN-1350,337.43,CARD,Bitso,FAILED,2026-05-16T00:00:00,2026-05-16T00:00:00,,1,0,
1763,42,DUP020,U0045,TXN-1021,133.93,CARD,Stripe,SUCCESSFUL,2026-05-19T00:00:00,2026-05-19T00:00:00,,1,0,
1764,42,DUP040,U0095,TXN-1041,5227.15,OXXO,OxxoPSP,FAILED,2026-05-06T00:00:00,2026-05-06T00:00:00,,1,0,
1765,42,DUP060,U0124,TXN-1061,250.07,CARD,OxxoPSP,SUCCESSFUL,2026-06-10T00:00:00,2026-06-10T00:00:00,,1,0,
